HP	HP_name	MP	MP_name	hpmp
HP:0032245	Abnormal metabolism	MP:0005266	abnormal metabolism	HP:0032245MP:0005266
HP:0010719	Abnormality of hair texture	MP:0002073	abnormal hair growth	HP:0010719MP:0002073
HP:0030147	Truncal titubation	MP:0009514	titubation	HP:0030147MP:0009514
HP:0030187	Titubation	MP:0009514	titubation	HP:0030187MP:0009514
HP:0011546	Abnormal atrioventricular connection	MP:0000286	abnormal mitral valve morphology	HP:0011546MP:0000286
HP:0010054	Abnormality of the first metatarsal bone	MP:0003072	abnormal metatarsal bone morphology	HP:0010054MP:0003072
HP:0000480	Retinal coloboma	MP:0012533	uveal coloboma	HP:0000480MP:0012533
HP:0025006	Abnormal glomerular capillary morphology	MP:0001126	abnormal ovary morphology	HP:0025006MP:0001126
HP:0000610	Abnormal choroid morphology	MP:0001126	abnormal ovary morphology	HP:0000610MP:0001126
HP:0006442	Hypoplasia of proximal fibula	MP:0002187	abnormal fibula morphology	HP:0006442MP:0002187
HP:0003038	Fibular hypoplasia	MP:0002187	abnormal fibula morphology	HP:0003038MP:0002187
HP:0000045	Abnormality of the scrotum	MP:0002669	abnormal scrotum morphology	HP:0000045MP:0002669
HP:0003256	Abnormality of the coagulation cascade	MP:0000904	abnormal superior colliculus morphology	HP:0003256MP:0000904
HP:0001595	Abnormal hair morphology	MP:0002073	abnormal hair growth	HP:0001595MP:0002073
HP:0000939	Osteoporosis	MP:0000066	osteoporosis	HP:0000939MP:0000066
HP:0004349	Reduced bone mineral density	MP:0010119	abnormal bone mineral density	HP:0004349MP:0010119
HP:0000288	Abnormality of the philtrum	MP:0012256	abnormal philtrum morphology	HP:0000288MP:0012256
HP:0025323	Abnormal arterial physiology	MP:0000272	abnormal aorta morphology	HP:0025323MP:0000272
HP:0033354	Abnormal urine metabolite level	MP:0009643	abnormal urine homeostasis	HP:0033354MP:0009643
HP:0031105	Abnormal uterus morphology	MP:0001120	abnormal uterus morphology	HP:0031105MP:0001120
HP:0002246	Abnormal duodenum morphology	MP:0003271	abnormal duodenum morphology	HP:0002246MP:0003271
HP:0200008	Intestinal polyposis	MP:0000462	abnormal digestive system morphology	HP:0200008MP:0000462
HP:0100892	Abnormality of the xiphoid process	MP:0000159	abnormal xiphoid process morphology	HP:0100892MP:0000159
HP:0001155	Abnormality of the hand	MP:0005584	abnormal enzyme/coenzyme activity	HP:0001155MP:0005584
HP:0031983	Abnormal pulmonary thoracic imaging finding	MP:0001846	increased inflammatory response	HP:0031983MP:0001846
HP:0011578	Transitional atrioventricular canal defect	MP:0010413	complete atrioventricular septal defect	HP:0011578MP:0010413
HP:0100733	Neoplasm of the parathyroid gland	MP:0000678	abnormal parathyroid gland morphology	HP:0100733MP:0000678
HP:0011766	Abnormality of the parathyroid morphology	MP:0000678	abnormal parathyroid gland morphology	HP:0011766MP:0000678
HP:0012286	Abnormal hypothalamus morphology	MP:0005294	abnormal heart ventricle morphology	HP:0012286MP:0005294
HP:0001999	Abnormal facial shape	MP:0030071	abnormal face shape	HP:0001999MP:0030071
HP:0000197	Abnormal parotid gland morphology	MP:0003452	abnormal parotid gland morphology	HP:0000197MP:0003452
HP:0031043	Type A4 brachydactyly	MP:0002110	abnormal digit morphology	HP:0031043MP:0002110
HP:0009370	Type A brachydactyly	MP:0002110	abnormal digit morphology	HP:0009370MP:0002110
HP:0100579	Mucosal telangiectasiae	MP:0004175	telangiectases	HP:0100579MP:0004175
HP:0002597	Abnormality of the vasculature	MP:0001614	abnormal blood vessel morphology	HP:0002597MP:0001614
HP:0009145	Abnormal cerebral artery morphology	MP:0000272	abnormal aorta morphology	HP:0009145MP:0000272
HP:0000243	Trigonocephaly	MP:0030368	trigonocephaly	HP:0000243MP:0030368
HP:0000621	Entropion	MP:0006165	entropion	HP:0000621MP:0006165
HP:0002960	Autoimmunity	MP:0000272	abnormal aorta morphology	HP:0002960MP:0000272
HP:0000496	Abnormality of eye movement	MP:0001389	abnormal eye movement	HP:0000496MP:0001389
HP:0003549	Abnormality of connective tissue	MP:0014168	abnormal brown adipose tissue mass	HP:0003549MP:0014168
HP:0001719	Double outlet right ventricle	MP:0000284	double outlet right ventricle	HP:0001719MP:0000284
HP:0000647	Sclerocornea	MP:0012121	sclerocornea	HP:0000647MP:0012121
HP:0002615	Hypotension	MP:0002843	decreased systemic arterial blood pressure	HP:0002615MP:0002843
HP:0004386	Gastrointestinal inflammation	MP:0001846	increased inflammatory response	HP:0004386MP:0001846
HP:0012649	Increased inflammatory response	MP:0001846	increased inflammatory response	HP:0012649MP:0001846
HP:0200011	Abnormal length of corpus callosum	MP:0020572	abnormal corpus callosum cell number	HP:0200011MP:0020572
HP:0001273	Abnormal corpus callosum morphology	MP:0001930	abnormal meiosis	HP:0001273MP:0001930
HP:0031163	Low femoral bone density	MP:0000063	decreased bone mineral density	HP:0031163MP:0000063
HP:0002823	Abnormality of femur morphology	MP:0000559	abnormal femur morphology	HP:0002823MP:0000559
HP:0001713	Abnormal cardiac ventricle morphology	MP:0000822	abnormal brain ventricle morphology	HP:0001713MP:0000822
HP:0030163	Abnormal vascular physiology	MP:0001544	abnormal cardiovascular system physiology	HP:0030163MP:0001544
HP:0011025	Abnormal cardiovascular system physiology	MP:0001544	abnormal cardiovascular system physiology	HP:0011025MP:0001544
HP:0100545	Arterial stenosis	MP:0011655	abnormal systemic artery morphology	HP:0100545MP:0011655
HP:0011004	Abnormal systemic arterial morphology	MP:0011655	abnormal systemic artery morphology	HP:0011004MP:0011655
HP:0001655	Patent foramen ovale	MP:0004225	patent cardiac foramen ovale	HP:0001655MP:0004225
HP:0001631	Atrial septal defect	MP:0010403	atrial septal defect	HP:0001631MP:0010403
HP:0004510	Pancreatic islet-cell hyperplasia	MP:0009171	enlarged pancreatic islets	HP:0004510MP:0009171
HP:0011804	Abnormal muscle physiology	MP:0000759	abnormal skeletal muscle morphology	HP:0011804MP:0000759
HP:0006704	Abnormal coronary artery morphology	MP:0000272	abnormal aorta morphology	HP:0006704MP:0000272
HP:0011121	Abnormality of skin morphology	MP:0005501	abnormal skin physiology	HP:0011121MP:0005501
HP:0002893	Pituitary adenoma	MP:0001131	abnormal ovarian follicle morphology	HP:0002893MP:0001131
HP:0011750	Neoplasm of the anterior pituitary	MP:0000633	abnormal pituitary gland morphology	HP:0011750MP:0000633
HP:0100585	Telangiectasia of the skin	MP:0004175	telangiectases	HP:0100585MP:0004175
HP:0004281	Irregular sclerosis of hand bones	MP:0000121	failure of tooth eruption	HP:0004281MP:0000121
HP:0040213	Hypopnea	MP:0001956	hypopnea	HP:0040213MP:0001956
HP:0006159	Mesoaxial hand polydactyly	MP:0002110	abnormal digit morphology	HP:0006159MP:0002110
HP:0000356	Abnormality of the outer ear	MP:0003677	abnormal ear lobe morphology	HP:0000356MP:0003677
HP:0001830	Postaxial foot polydactyly	MP:0000562	polydactyly	HP:0001830MP:0000562
HP:0100259	Postaxial polydactyly	MP:0002110	abnormal digit morphology	HP:0100259MP:0002110
HP:0012881	Abnormal labia majora morphology	MP:0003520	abnormal labia minora morphology	HP:0012881MP:0003520
HP:0000772	Abnormality of the ribs	MP:0000150	abnormal rib morphology	HP:0000772MP:0000150
HP:0011717	Atrioventricular reentrant tachycardia	MP:0000297	abnormal atrioventricular cushion morphology	HP:0011717MP:0000297
HP:0004930	Abnormality of the pulmonary vasculature	MP:0000484	abnormal pulmonary artery morphology	HP:0004930MP:0000484
HP:0002088	Abnormal lung morphology	MP:0001846	increased inflammatory response	HP:0002088MP:0001846
HP:0100026	Arteriovenous malformation	MP:0006093	arteriovenous malformation	HP:0100026MP:0006093
HP:0001028	Hemangioma	MP:0002947	increased hemangioma incidence	HP:0001028MP:0002947
HP:0030392	Choroid plexus carcinoma	MP:0000821	choroid plexus hyperplasia	HP:0030392MP:0000821
HP:0003115	Abnormal EKG	MP:0010508	abnormal heart electrocardiography waveform feature	HP:0003115MP:0010508
HP:0040211	Abnormal skin morphology of the palm	MP:0009931	abnormal skin appearance	HP:0040211MP:0009931
HP:0001832	Abnormal metatarsal morphology	MP:0003072	abnormal metatarsal bone morphology	HP:0001832MP:0003072
HP:0007376	Abnormal choroid plexus morphology	MP:0005098	abnormal optic choroid morphology	HP:0007376MP:0005098
HP:0002118	Abnormal cerebral ventricle morphology	MP:0000822	abnormal brain ventricle morphology	HP:0002118MP:0000822
HP:0012718	Morphological abnormality of the gastrointestinal tract	MP:0001663	abnormal digestive system physiology	HP:0012718MP:0001663
HP:0002795	Abnormal respiratory system physiology	MP:0001846	increased inflammatory response	HP:0002795MP:0001846
HP:0000099	Glomerulonephritis	MP:0005325	abnormal renal glomerulus morphology	HP:0000099MP:0005325
HP:0004565	Severe platyspondyly	MP:0011175	platyspondylia	HP:0004565MP:0011175
HP:0030311	Lower extremity joint dislocation	MP:0030795	joint dislocation	HP:0030311MP:0030795
HP:0030667	Peripheral retinal neovascularization	MP:0003711	pathological neovascularization	HP:0030667MP:0003711
HP:0030666	Retinal neovascularization	MP:0003711	pathological neovascularization	HP:0030666MP:0003711
HP:0033098	Increased urinary non-proteinogenic amino acid level	MP:0003311	aminoaciduria	HP:0033098MP:0003311
HP:0040163	Abnormal pelvis bone morphology	MP:0003795	abnormal bone structure	HP:0040163MP:0003795
HP:0002644	Abnormality of pelvic girdle bone morphology	MP:0003795	abnormal bone structure	HP:0002644MP:0003795
HP:0001649	Tachycardia	MP:0005294	abnormal heart ventricle morphology	HP:0001649MP:0005294
HP:0041075	Chronic partially decreased circulating IgG3	MP:0008212	absent mature B cells	HP:0041075MP:0008212
HP:0041072	Chronic decreased circulating IgG3	MP:0008212	absent mature B cells	HP:0041072MP:0008212
HP:0003330	Abnormal bone structure	MP:0000130	abnormal trabecular bone morphology	HP:0003330MP:0000130
HP:0011869	Abnormal platelet function			
HP:0003117	Abnormal circulating hormone concentration	MP:0005418	abnormal circulating hormone level	HP:0003117MP:0005418
HP:0004935	Pulmonary artery atresia	MP:0003272	duodenal atresia	HP:0004935MP:0003272
HP:0030966	Abnormal pulmonary artery morphology	MP:0000272	abnormal aorta morphology	HP:0030966MP:0000272
HP:0008069	Neoplasm of the skin	MP:0000316	cellular necrosis	HP:0008069MP:0000316
HP:0012530	Abnormal number of dense granules	MP:0004722	abnormal platelet dense granule number	HP:0012530MP:0004722
HP:0004308	Ventricular arrhythmia	MP:0005294	abnormal heart ventricle morphology	HP:0004308MP:0005294
HP:0001961	Hypoplastic heart	MP:0004085	abnormal heartbeat	HP:0001961MP:0004085
HP:0100751	Esophageal neoplasm	MP:0001846	increased inflammatory response	HP:0100751MP:0001846
HP:0007378	Neoplasm of the gastrointestinal tract	MP:0001846	increased inflammatory response	HP:0007378MP:0001846
HP:0003074	Hyperglycemia	MP:0000272	abnormal aorta morphology	HP:0003074MP:0000272
HP:0010104	Absent first metatarsal	MP:0004642	fused metatarsal bones	HP:0010104MP:0004642
HP:0010067	Aplasia/hypoplasia of the 1st metatarsal	MP:0004635	short metatarsal bones	HP:0010067MP:0004635
HP:0033852	Abnormal intrarenal vein morphology	MP:0002725	abnormal vein morphology	HP:0033852MP:0002725
HP:0033835	Abnormal renal vascular morphology	MP:0002725	abnormal vein morphology	HP:0033835MP:0002725
HP:0001317	Abnormal cerebellum morphology	MP:0002135	abnormal kidney morphology	HP:0001317MP:0002135
HP:0000568	Microphthalmia	MP:0000297	abnormal atrioventricular cushion morphology	HP:0000568MP:0000297
HP:0040018	Clinodactyly of hallux	MP:0002110	abnormal digit morphology	HP:0040018MP:0002110
HP:0005108	Abnormality of the intervertebral disk	MP:0004173	abnormal intervertebral disk morphology	HP:0005108MP:0004173
HP:0010672	Abnormality of the third metatarsal bone	MP:0003072	abnormal metatarsal bone morphology	HP:0010672MP:0003072
HP:0010948	Abnormality of the fetal cardiovascular system	MP:0013873	abnormal ductus venosus morphology	HP:0010948MP:0013873
HP:0031980	Abnormal urine carboxylic acid level	MP:0010028	aciduria	HP:0031980MP:0010028
HP:0011637	Anomalous origin of coronary artery from the pulmonary artery	MP:0009867	abnormal ascending aorta morphology	HP:0011637MP:0009867
HP:0031251	Abnormal subclavian artery morphology	MP:0003395	abnormal subclavian artery morphology	HP:0031251MP:0003395
HP:0011947	Respiratory tract infection	MP:0001846	increased inflammatory response	HP:0011947MP:0001846
HP:0002629	Gastrointestinal arteriovenous malformation	MP:0006093	arteriovenous malformation	HP:0002629MP:0006093
HP:0001871	Abnormality of blood and blood-forming tissues	MP:0001614	abnormal blood vessel morphology	HP:0001871MP:0001614
HP:0006749	Malignant gastrointestinal tract tumors	MP:0000462	abnormal digestive system morphology	HP:0006749MP:0000462
HP:0100618	Leydig cell neoplasia	MP:0002786	abnormal Leydig cell morphology	HP:0100618MP:0002786
HP:0000271	Abnormality of the face	MP:0005266	abnormal metabolism	HP:0000271MP:0005266
HP:0100671	Abnormal trabecular bone morphology	MP:0000130	abnormal trabecular bone morphology	HP:0100671MP:0000130
HP:0011482	Abnormal lacrimal gland morphology			
HP:0032445	Pulmonary cyst	MP:0005325	abnormal renal glomerulus morphology	HP:0032445MP:0005325
HP:0000479	Abnormal retinal morphology	MP:0001325	abnormal retina morphology	HP:0000479MP:0001325
HP:0001863	Toe clinodactyly	MP:0002110	abnormal digit morphology	HP:0001863MP:0002110
HP:0030084	Clinodactyly	MP:0002110	abnormal digit morphology	HP:0030084MP:0002110
HP:0012107	Increased fibular diameter	MP:0008159	increased diameter of fibula	HP:0012107MP:0008159
HP:0002991	Abnormality of fibula morphology	MP:0002187	abnormal fibula morphology	HP:0002991MP:0002187
HP:0000290	Abnormality of the forehead	MP:0030045	abnormal forehead shape	HP:0000290MP:0030045
HP:0001627	Abnormal heart morphology	MP:0000266	abnormal heart morphology	HP:0001627MP:0000266
HP:0040132	Abnormal sensory nerve conduction velocity	MP:0005403	abnormal nerve conduction	HP:0040132MP:0005403
HP:0040129	Abnormal nerve conduction velocity	MP:0005403	abnormal nerve conduction	HP:0040129MP:0005403
HP:0001679	Abnormal aortic morphology	MP:0000272	abnormal aorta morphology	HP:0001679MP:0000272
HP:0009004	Hypoplasia of the musculature	MP:0002106	abnormal muscle physiology	HP:0009004MP:0002106
HP:0006710	Aplasia/Hypoplasia of the clavicles	MP:0004338	small clavicle	HP:0006710MP:0004338
HP:0005180	Tricuspid regurgitation	MP:0006044	tricuspid valve regurgitation	HP:0005180MP:0006044
HP:0031651	Abnormal tricuspid valve physiology	MP:0010622	abnormal tricuspid valve cusp morphology	HP:0031651MP:0010622
HP:0030607	Reduced OCT-measured macular thickness	MP:0009345	abnormal trabecular bone thickness	HP:0030607MP:0009345
HP:0030606	Abnormal OCT-measured macular thickness	MP:0009345	abnormal trabecular bone thickness	HP:0030606MP:0009345
HP:0012082	Cerebellar Purkinje layer atrophy	MP:0000875	abnormal cerebellar Purkinje cell layer	HP:0012082MP:0000875
HP:0011329	Abnormality of cranial sutures	MP:0002835	abnormal cranial suture morphology	HP:0011329MP:0002835
HP:0000107	Renal cyst	MP:0005325	abnormal renal glomerulus morphology	HP:0000107MP:0005325
HP:0032448	Achlorhydria	MP:0008003	achlorhydria	HP:0032448MP:0008003
HP:0011830	Abnormal oral mucosa morphology	MP:0000470	abnormal stomach morphology	HP:0011830MP:0000470
HP:0010744	Absent metatarsal bone	MP:0004642	fused metatarsal bones	HP:0010744MP:0004642
HP:0001964	Aplasia/Hypoplasia of metatarsal bones	MP:0004642	fused metatarsal bones	HP:0001964MP:0004642
HP:0001707	Abnormal right ventricle morphology	MP:0003920	abnormal heart right ventricle morphology	HP:0001707MP:0003920
HP:0006707	Abnormality of the hepatic vasculature	MP:0002725	abnormal vein morphology	HP:0006707MP:0002725
HP:0410042	Abnormal liver morphology	MP:0001634	internal hemorrhage	HP:0410042MP:0001634
HP:0011603	Congenital malformation of the great arteries	MP:0001544	abnormal cardiovascular system physiology	HP:0011603MP:0001544
HP:0006713	Aplasia/Hypoplasia of the scapulae	MP:0004343	small scapula	HP:0006713MP:0004343
HP:0010876	Abnormal circulating protein concentration	MP:0005418	abnormal circulating hormone level	HP:0010876MP:0005418
HP:0011675	Arrhythmia	MP:0000266	abnormal heart morphology	HP:0011675MP:0000266
HP:0012200	Abnormality of prothrombin	MP:0012354	abnormal prothrombin time	HP:0012200MP:0012354
HP:0012327	Celiac artery compression	MP:0013856	celiac artery compression	HP:0012327MP:0013856
HP:0012326	Abnormal celiac artery morphology	MP:0013854	abnormal celiac artery morphology	HP:0012326MP:0013854
HP:0000228	Oral cavity telangiectasia	MP:0004175	telangiectases	HP:0000228MP:0004175
HP:0003431	Decreased motor nerve conduction velocity	MP:0008814	decreased nerve conduction velocity	HP:0003431MP:0008814
HP:0000762	Decreased nerve conduction velocity	MP:0008814	decreased nerve conduction velocity	HP:0000762MP:0008814
HP:0007370	Aplasia/Hypoplasia of the corpus callosum	MP:0020573	abnormal corpus callosum size	HP:0007370MP:0020573
HP:0033725	Thin corpus callosum	MP:0020573	abnormal corpus callosum size	HP:0033725MP:0020573
HP:0031263	Abnormal renal corpuscle morphology	MP:0003119	abnormal digestive system development	HP:0031263MP:0003119
HP:0012387	Bronchitis	MP:0001846	increased inflammatory response	HP:0012387MP:0001846
HP:0009733	Glioma	MP:0000316	cellular necrosis	HP:0009733MP:0000316
HP:0001894	Thrombocytosis	MP:0005505	thrombocytosis	HP:0001894MP:0005505
HP:0031378	Abnormal lymphocyte proliferation	MP:0000350	abnormal cell proliferation	HP:0031378MP:0000350
HP:0006008	Unilateral brachydactyly	MP:0002110	abnormal digit morphology	HP:0006008MP:0002110
HP:0001156	Brachydactyly	MP:0002110	abnormal digit morphology	HP:0001156MP:0002110
HP:0000163	Abnormal oral cavity morphology	MP:0003935	abnormal craniofacial development	HP:0000163MP:0003935
HP:0031321	Myocardial immune cell infiltration	MP:0002447	abnormal erythrocyte morphology	HP:0031321MP:0002447
HP:0011065	Conical incisor	MP:0005358	abnormal incisor morphology	HP:0011065MP:0005358
HP:0002079	Hypoplasia of the corpus callosum	MP:0000780	abnormal corpus callosum morphology	HP:0002079MP:0000780
HP:0001009	Telangiectasia	MP:0004175	telangiectases	HP:0001009MP:0004175
HP:0011505	Cystoid macular edema	MP:0005098	abnormal optic choroid morphology	HP:0011505MP:0005098
HP:0004724	Calcium nephrolithiasis	MP:0002708	nephrolithiasis	HP:0004724MP:0002708
HP:0000787	Nephrolithiasis	MP:0002135	abnormal kidney morphology	HP:0000787MP:0002135
HP:0012115	Hepatitis	MP:0001846	increased inflammatory response	HP:0012115MP:0001846
HP:0010696	Polar cataract	MP:0010258	polar cataract	HP:0010696MP:0010258
HP:0010758	Abnormality of the premaxilla	MP:0002820	abnormal premaxilla morphology	HP:0010758MP:0002820
HP:0001647	Bicuspid aortic valve	MP:0010622	abnormal tricuspid valve cusp morphology	HP:0001647MP:0010622
HP:0000095	Abnormal renal glomerulus morphology	MP:0001126	abnormal ovary morphology	HP:0000095MP:0001126
HP:0045081	Abnormality of body mass index	MP:0020182	abnormal body mass index	HP:0045081MP:0020182
HP:0001252	Hypotonia	MP:0004144	hypotonia	HP:0001252MP:0004144
HP:0012210	Abnormal renal morphology	MP:0002135	abnormal kidney morphology	HP:0012210MP:0002135
HP:0006753	Neoplasm of the stomach	MP:0010279	increased gastrointestinal tumor incidence	HP:0006753MP:0010279
HP:0002948	Vertebral fusion	MP:0000137	abnormal vertebrae morphology	HP:0002948MP:0000137
HP:0030962	Abnormal morphology of the great vessels	MP:0002725	abnormal vein morphology	HP:0030962MP:0002725
HP:0031346	Rectal arteriovenous malformation	MP:0006093	arteriovenous malformation	HP:0031346MP:0006093
HP:0002696	Abnormal parietal bone morphology	MP:0000109	abnormal parietal bone morphology	HP:0002696MP:0000109
HP:0025015	Abnormal vascular morphology	MP:0001614	abnormal blood vessel morphology	HP:0025015MP:0001614
HP:0011481	Abnormal lacrimal duct morphology	MP:0001346	abnormal lacrimal gland morphology	HP:0011481MP:0001346
HP:0000587	Abnormality of the optic nerve	MP:0001330	abnormal optic nerve morphology	HP:0000587MP:0001330
HP:0031664	Systolic heart murmur	MP:0001846	increased inflammatory response	HP:0031664MP:0001846
HP:0005120	Abnormal cardiac atrium morphology	MP:0000266	abnormal heart morphology	HP:0005120MP:0000266
HP:0004431	Complement deficiency	MP:0002471	abnormal complement pathway	HP:0004431MP:0002471
HP:0003215	Dicarboxylic aciduria	MP:0010028	aciduria	HP:0003215MP:0010028
HP:0002143	Abnormality of the spinal cord	MP:0000955	abnormal spinal cord morphology	HP:0002143MP:0000955
HP:0002414	Spina bifida	MP:0003054	spina bifida	HP:0002414MP:0003054
HP:0002170	Intracranial hemorrhage	MP:0001915	intracranial hemorrhage	HP:0002170MP:0001915
HP:0030506	Yellow/white lesions of the retina	MP:0001325	abnormal retina morphology	HP:0030506MP:0001325
HP:0033100	Increased proteinogenic amino acid level in urine	MP:0003311	aminoaciduria	HP:0033100MP:0003311
HP:0030895	Abnormal gastrointestinal motility	MP:0000462	abnormal digestive system morphology	HP:0030895MP:0000462
HP:0000523	Subcapsular cataract	MP:0010251	subcapsular cataract	HP:0000523MP:0010251
HP:0100774	Hyperostosis	MP:0009877	exostosis	HP:0100774MP:0009877
HP:0002788	Recurrent upper respiratory tract infections	MP:0001846	increased inflammatory response	HP:0002788MP:0001846
HP:0100615	Ovarian neoplasm	MP:0001131	abnormal ovarian follicle morphology	HP:0100615MP:0001131
HP:0011636	Abnormal coronary artery origin	MP:0000272	abnormal aorta morphology	HP:0011636MP:0000272
HP:0008046	Abnormal retinal vascular morphology	MP:0001325	abnormal retina morphology	HP:0008046MP:0001325
HP:0100771	Hypoperistalsis	MP:0003289	abnormal intestinal peristalsis	HP:0100771MP:0003289
HP:0030914	Abnormal peristalsis	MP:0003289	abnormal intestinal peristalsis	HP:0030914MP:0003289
HP:0012092	Abnormality of exocrine pancreas physiology	MP:0010148	abnormal exocrine pancreas physiology	HP:0012092MP:0010148
HP:0012091	Abnormality of pancreas physiology	MP:0002693	abnormal pancreas physiology	HP:0012091MP:0002693
HP:0002011	Morphological central nervous system abnormality	MP:0003633	abnormal nervous system physiology	HP:0002011MP:0003633
HP:0006493	Aplasia/hypoplasia involving bones of the lower limbs	MP:0004144	hypotonia	HP:0006493MP:0004144
HP:0025100	Abnormal hippocampus morphology	MP:0008283	small hippocampus	HP:0025100MP:0008283
HP:0000174	Abnormal palate morphology	MP:0003755	abnormal palate morphology	HP:0000174MP:0003755
HP:0011040	Abnormality of the intrahepatic bile duct	MP:0000470	abnormal stomach morphology	HP:0011040MP:0000470
HP:0004296	Abnormality of gastrointestinal vasculature	MP:0000465	gastrointestinal hemorrhage	HP:0004296MP:0000465
HP:0025426	Abnormal bronchus morphology	MP:0001846	increased inflammatory response	HP:0025426MP:0001846
HP:0012373	Abnormal eye physiology	MP:0005253	abnormal eye physiology	HP:0012373MP:0005253
HP:0000545	Myopia	MP:0003100	myopia	HP:0000545MP:0003100
HP:0002250	Abnormal large intestine morphology	MP:0000477	abnormal intestine morphology	HP:0002250MP:0000477
HP:0006101	Finger syndactyly	MP:0001846	increased inflammatory response	HP:0006101MP:0001846
HP:0031272	Pulmonary arterial atherosclerosis	MP:0000272	abnormal aorta morphology	HP:0031272MP:0000272
HP:0000091	Abnormal renal tubule morphology	MP:0002703	abnormal renal tubule morphology	HP:0000091MP:0002703
HP:0025065	Abnormal mean corpuscular volume	MP:0000226	abnormal mean corpuscular volume	HP:0025065MP:0000226
HP:0000073	Ureteral duplication	MP:0006032	abnormal ureteric bud morphology	HP:0000073MP:0006032
HP:0033544	Mesangial fibril deposition	MP:0011339	abnormal glomerular mesangium morphology	HP:0033544MP:0011339
HP:0033353	Abnormal blood vessel morphology	MP:0011655	abnormal systemic artery morphology	HP:0033353MP:0011655
HP:0002997	Abnormality of the ulna	MP:0005108	abnormal ulna morphology	HP:0002997MP:0005108
HP:0000589	Coloboma	MP:0005262	coloboma	HP:0000589MP:0005262
HP:0011480	Unilateral microphthalmos	MP:0001297	microphthalmia	HP:0011480MP:0001297
HP:0011805	Abnormal skeletal muscle morphology	MP:0000759	abnormal skeletal muscle morphology	HP:0011805MP:0000759
HP:0040075	Hypopituitarism	MP:0003348	hypopituitarism	HP:0040075MP:0003348
HP:0002244	Abnormality of the small intestine	MP:0008108	abnormal small intestinal villus morphology	HP:0002244MP:0008108
HP:0030416	Vulvar neoplasm	MP:0001846	increased inflammatory response	HP:0030416MP:0001846
HP:0020074	Crystalluria	MP:0003311	aminoaciduria	HP:0020074MP:0003311
HP:0005873	Polysyndactyly of hallux	MP:0002110	abnormal digit morphology	HP:0005873MP:0002110
HP:0001841	Preaxial foot polydactyly	MP:0002110	abnormal digit morphology	HP:0001841MP:0002110
HP:0033864	Abnormal medullary peritubular capillary morphology	MP:0010030	abnormal orbit morphology	HP:0033864MP:0010030
HP:0011001	Increased bone mineral density	MP:0010119	abnormal bone mineral density	HP:0011001MP:0010119
HP:0040202	Abnormal consumption behavior	MP:0002069	abnormal consumption behavior	HP:0040202MP:0002069
HP:0032951	Renal tubular viral cytopathic changes	MP:0004194	abnormal kidney pelvis morphology	HP:0032951MP:0004194
HP:0002031	Abnormal esophagus morphology	MP:0001846	increased inflammatory response	HP:0002031MP:0001846
HP:0002577	Abnormal stomach morphology	MP:0000470	abnormal stomach morphology	HP:0002577MP:0000470
HP:0025423	Abnormal larynx morphology	MP:0001846	increased inflammatory response	HP:0025423MP:0001846
HP:0005987	Multinodular goiter	MP:0002428	abnormal semicircular canal morphology	HP:0005987MP:0002428
HP:0001549	Abnormal ileum morphology	MP:0002581	abnormal ileum morphology	HP:0001549MP:0002581
HP:0001641	Abnormal pulmonary valve morphology	MP:0002748	abnormal pulmonary valve morphology	HP:0001641MP:0002748
HP:0031065	Abnormal ovarian morphology	MP:0001131	abnormal ovarian follicle morphology	HP:0031065MP:0001131
HP:0001992	Organic aciduria	MP:0010028	aciduria	HP:0001992MP:0010028
HP:0000123	Nephritis	MP:0001859	kidney inflammation	HP:0000123MP:0001859
HP:0000069	Abnormality of the ureter	MP:0009869	abnormal descending aorta morphology	HP:0000069MP:0009869
HP:0010448	Colonic atresia	MP:0003272	duodenal atresia	HP:0010448MP:0003272
HP:0000407	Sensorineural hearing impairment	MP:0006329	sensorineural hearing impairment	HP:0000407MP:0006329
HP:0030261	Absent penis	MP:0011876	absent penis	HP:0030261MP:0011876
HP:0012090	Abnormal pancreas morphology	MP:0001663	abnormal digestive system physiology	HP:0012090MP:0001663
HP:0010438	Abnormal ventricular septum morphology	MP:0005294	abnormal heart ventricle morphology	HP:0010438MP:0005294
HP:0000795	Abnormality of the urethra	MP:0000537	abnormal urethra morphology	HP:0000795MP:0000537
HP:0002119	Ventriculomegaly	MP:0011380	enlarged brain ventricles	HP:0002119MP:0011380
HP:0010112	Mesoaxial foot polydactyly	MP:0002110	abnormal digit morphology	HP:0010112MP:0002110
HP:0100260	Mesoaxial polydactyly	MP:0002110	abnormal digit morphology	HP:0100260MP:0002110
HP:0005115	Supraventricular arrhythmia	MP:0005294	abnormal heart ventricle morphology	HP:0005115MP:0005294
HP:0400005	Short ear	MP:0020084	short ears	HP:0400005MP:0020084
HP:0001935	Microcytic anemia	MP:0002810	microcytic anemia	HP:0001935MP:0002810
HP:0005165	Shortened PR interval	MP:0010511	shortened PR interval	HP:0005165MP:0010511
HP:0031593	Abnormal PR interval	MP:0003896	prolonged PR interval	HP:0031593MP:0003896
HP:0011545	Abnormal connection of the cardiac segments	MP:0001544	abnormal cardiovascular system physiology	HP:0011545MP:0001544
HP:0008628	Abnormality of the stapes	MP:0004204	absent stapes	HP:0008628MP:0004204
HP:0100767	Abnormal placenta morphology	MP:0001126	abnormal ovary morphology	HP:0100767MP:0001126
HP:0002570	Steatorrhea	MP:0002791	steatorrhea	HP:0002570MP:0002791
HP:0100659	Abnormal cerebral vascular morphology	MP:0001614	abnormal blood vessel morphology	HP:0100659MP:0001614
HP:0009087	Posteriorly placed tongue	MP:0000762	abnormal tongue morphology	HP:0009087MP:0000762
HP:0030809	Abnormal tongue morphology	MP:0000762	abnormal tongue morphology	HP:0030809MP:0000762
HP:0032023	Eosinophilic gallbladder infiltration	MP:0008212	absent mature B cells	HP:0032023MP:0008212
HP:0100736	Abnormal soft palate morphology	MP:0000762	abnormal tongue morphology	HP:0100736MP:0000762
HP:0011395	Aplasia/Hypoplasia of the cochlea	MP:0000172	abnormal bone marrow cell number	HP:0011395MP:0000172
HP:0002093	Respiratory insufficiency	MP:0001846	increased inflammatory response	HP:0002093MP:0001846
HP:0011689	Supraventricular tachycardia with a concealed accessory connection	MP:0005294	abnormal heart ventricle morphology	HP:0011689MP:0005294
HP:0011688	Supraventricular tachycardia with an accessory connection mediated pathway	MP:0005294	abnormal heart ventricle morphology	HP:0011688MP:0005294
HP:0008371	Abnormal metatarsal ossification	MP:0004642	fused metatarsal bones	HP:0008371MP:0004642
HP:0100336	Bilateral cleft lip	MP:0000111	cleft palate	HP:0100336MP:0000111
HP:0011662	Tricuspid atresia	MP:0002624	abnormal tricuspid valve morphology	HP:0011662MP:0002624
HP:0005912	Biliary atresia	MP:0006093	arteriovenous malformation	HP:0005912MP:0006093
HP:0000383	Abnormality of periauricular region	MP:0030096	abnormal periauricular region morphology	HP:0000383MP:0030096
HP:0005345	Abnormal vena cava morphology	MP:0006062	abnormal vena cava morphology	HP:0005345MP:0006062
HP:0002624	Abnormal venous morphology	MP:0002725	abnormal vein morphology	HP:0002624MP:0002725
HP:0001872	Abnormal thrombocyte morphology	MP:0004720	abnormal platelet morphology	HP:0001872MP:0004720
HP:0004970	Ascending tubular aorta aneurysm	MP:0009867	abnormal ascending aorta morphology	HP:0004970MP:0009867
HP:0012727	Thoracic aortic aneurysm	MP:0000272	abnormal aorta morphology	HP:0012727MP:0000272
HP:0040314	Blind vagina	MP:0003534	blind vagina	HP:0040314MP:0003534
HP:0012100	Abnormal circulating creatinine concentration	MP:0005328	abnormal circulating creatinine level	HP:0012100MP:0005328
HP:0005676	Rudimentary postaxial polydactyly of hands	MP:0002110	abnormal digit morphology	HP:0005676MP:0002110
HP:0001162	Postaxial hand polydactyly	MP:0002110	abnormal digit morphology	HP:0001162MP:0002110
HP:0000159	Abnormal lip morphology	MP:0003769	abnormal lip morphology	HP:0000159MP:0003769
HP:0025148	Dark choroid	MP:0005098	abnormal optic choroid morphology	HP:0025148MP:0005098
HP:0010951	Abnormal third ventricle morphology	MP:0000826	abnormal third ventricle morphology	HP:0010951MP:0000826
HP:0100729	Large face	MP:0030064	small face	HP:0100729MP:0030064
HP:0033836	Abnormal intrarenal artery morphology	MP:0011655	abnormal systemic artery morphology	HP:0033836MP:0011655
HP:0011380	Morphological abnormality of the semicircular canal	MP:0000037	abnormal lateral semicircular canal morphology	HP:0011380MP:0000037
HP:0010743	Short metatarsal	MP:0003072	abnormal metatarsal bone morphology	HP:0010743MP:0003072
HP:0000989	Pruritus	MP:0010071	abnormal pruritus	HP:0000989MP:0010071
HP:0002247	Duodenal atresia	MP:0003272	duodenal atresia	HP:0002247MP:0003272
HP:0006136	Bilateral postaxial polydactyly	MP:0000562	polydactyly	HP:0006136MP:0000562
HP:0033298	Abnormal circulating complement factor H related protein 1 concentration	MP:0002471	abnormal complement pathway	HP:0033298MP:0002471
HP:0009144	Supernumerary bones of the axial skeleton	MP:0004033	supernumerary teeth	HP:0009144MP:0004033
HP:0000629	Periorbital fullness	MP:0030098	periorbital fullness	HP:0000629MP:0030098
HP:0004689	Short fourth metatarsal	MP:0004635	short metatarsal bones	HP:0004689MP:0004635
HP:0040035	Abnormality of the fourth metatarsal bone	MP:0003072	abnormal metatarsal bone morphology	HP:0040035MP:0003072
HP:0010881	Abnormality of the umbilical cord	MP:0001725	abnormal umbilical cord morphology	HP:0010881MP:0001725
HP:0005928	Synostosis involving the fibula	MP:0002187	abnormal fibula morphology	HP:0005928MP:0002187
HP:0006482	Abnormality of dental morphology	MP:0002100	abnormal tooth morphology	HP:0006482MP:0002100
HP:0030095	Reduced muscle collagen VI	MP:0009458	abnormal skeletal muscle size	HP:0030095MP:0009458
HP:0007732	Lacrimal gland hypoplasia	MP:0014151	lacrimal gland hypoplasia	HP:0007732MP:0014151
HP:0008038	Aplastic/hypoplastic lacrimal glands	MP:0001346	abnormal lacrimal gland morphology	HP:0008038MP:0001346
HP:0031772	Abnormal posterior circulating artery morphology	MP:0014005	abnormal posterior communicating artery morphology	HP:0031772MP:0014005
HP:0012330	Pyelonephritis	MP:0011403	pyelonephritis	HP:0012330MP:0011403
HP:0011338	Abnormality of mouth shape	MP:0005266	abnormal metabolism	HP:0011338MP:0005266
HP:0011620	Abnormality of abdominal situs	MP:0031284	abdominal situs abnormality	HP:0011620MP:0031284
HP:0030853	Heterotaxy	MP:0004133	heterotaxia	HP:0030853MP:0004133
HP:0031418	Increased body mass index	MP:0006086	decreased body mass index	HP:0031418MP:0006086
HP:0001702	Abnormal tricuspid valve morphology	MP:0010622	abnormal tricuspid valve cusp morphology	HP:0001702MP:0010622
HP:0033072	Abnormal macroscopic urine appearance	MP:0001846	increased inflammatory response	HP:0033072MP:0001846
HP:0011660	Anomalous origin of one pulmonary artery from ascending aorta	MP:0009867	abnormal ascending aorta morphology	HP:0011660MP:0009867
HP:0001657	Prolonged QT interval	MP:0003900	shortened QT interval	HP:0001657MP:0003900
HP:0031547	Abnormal QT interval	MP:0003900	shortened QT interval	HP:0031547MP:0003900
HP:0004763	Paroxysmal supraventricular tachycardia	MP:0005294	abnormal heart ventricle morphology	HP:0004763MP:0005294
HP:0033860	Abnormal cortical peritubular capillary morphology	MP:0011321	abnormal peritubular capillary morphology	HP:0033860MP:0011321
HP:0006681	Absent atrioventricular node	MP:0010532	absent atrioventricular node	HP:0006681MP:0010532
HP:0001678	Atrioventricular block	MP:0010413	complete atrioventricular septal defect	HP:0001678MP:0010413
HP:0025487	Abnormality of bladder morphology	MP:0000538	abnormal urinary bladder morphology	HP:0025487MP:0000538
HP:0000138	Ovarian cyst	MP:0001131	abnormal ovarian follicle morphology	HP:0000138MP:0001131
HP:0003648	Lacticaciduria	MP:0003311	aminoaciduria	HP:0003648MP:0003311
HP:0012072	Aciduria	MP:0010028	aciduria	HP:0012072MP:0010028
HP:0011579	Unbalanced atrioventricular canal defect	MP:0010413	complete atrioventricular septal defect	HP:0011579MP:0010413
HP:0004425	Flat forehead	MP:0030045	abnormal forehead shape	HP:0004425MP:0030045
HP:0031934	Abnormal descending aorta morphology	MP:0009869	abnormal descending aorta morphology	HP:0031934MP:0009869
HP:0001397	Hepatic steatosis	MP:0002628	hepatic steatosis	HP:0001397MP:0002628
HP:0100750	Atelectasis	MP:0001177	atelectasis	HP:0100750MP:0001177
HP:0004969	Peripheral pulmonary artery stenosis	MP:0000484	abnormal pulmonary artery morphology	HP:0004969MP:0000484
HP:0004415	Pulmonary artery stenosis	MP:0000484	abnormal pulmonary artery morphology	HP:0004415MP:0000484
HP:0032463	Reduced circulating fibronectin level	MP:0006076	abnormal circulating homocysteine level	HP:0032463MP:0006076
HP:0025074	Abnormal QRS complex	MP:0003898	abnormal QRS complex	HP:0025074MP:0003898
HP:0000157	Abnormality of the tongue	MP:0000762	abnormal tongue morphology	HP:0000157MP:0000762
HP:0011845	Short second metatarsal	MP:0004635	short metatarsal bones	HP:0011845MP:0004635
HP:0040034	Abnormality of the second metatarsal bone	MP:0003072	abnormal metatarsal bone morphology	HP:0040034MP:0003072
HP:0001142	Lenticonus	MP:0002794	lenticonus	HP:0001142MP:0002794
HP:0100542	Abnormal localization of kidney	MP:0004194	abnormal kidney pelvis morphology	HP:0100542MP:0004194
HP:0410030	Cleft lip	MP:0003769	abnormal lip morphology	HP:0410030MP:0003769
HP:0002894	Neoplasm of the pancreas	MP:0001944	abnormal pancreas morphology	HP:0002894MP:0001944
HP:0000039	Epispadias	MP:0003598	epispadia	HP:0000039MP:0003598
HP:0033841	Ocular pruritus	MP:0010071	abnormal pruritus	HP:0033841MP:0010071
HP:0005831	Type B brachydactyly	MP:0002110	abnormal digit morphology	HP:0005831MP:0002110
HP:0009714	Abnormality of the epididymis	MP:0002631	abnormal epididymis morphology	HP:0009714MP:0002631
HP:0007550	Hypohidrosis or hyperhidrosis	MP:0013369	abnormal sweat gland secretion	HP:0007550MP:0013369
HP:0000706	Eruption failure	MP:0000119	abnormal tooth eruption	HP:0000706MP:0000119
HP:0006292	Abnormality of dental eruption	MP:0000119	abnormal tooth eruption	HP:0006292MP:0000119
HP:0040019	Finger clinodactyly	MP:0002110	abnormal digit morphology	HP:0040019MP:0002110
HP:0033089	Branched-chain aminoaciduria	MP:0003311	aminoaciduria	HP:0033089MP:0003311
HP:0031481	Abnormal mitral valve physiology	MP:0006045	mitral valve regurgitation	HP:0031481MP:0006045
HP:0012580	Calcium phosphate nephrolithiasis	MP:0014191	abnormal epididymal cell proliferation	HP:0012580MP:0014191
HP:0012647	Abnormal inflammatory response	MP:0001845	abnormal inflammatory response	HP:0012647MP:0001845
HP:0009371	Type A1 brachydactyly	MP:0002110	abnormal digit morphology	HP:0009371MP:0002110
HP:0011486	Abnormality of corneal thickness	MP:0005543	decreased cornea thickness	HP:0011486MP:0005543
HP:0033491	Global mesangial sclerosis	MP:0005327	abnormal mesangial cell morphology	HP:0033491MP:0005327
HP:0033232	Abnormal glomerular mesangial matrix morphology	MP:0005327	abnormal mesangial cell morphology	HP:0033232MP:0005327
HP:0010502	Fibular bowing	MP:0002187	abnormal fibula morphology	HP:0010502MP:0002187
HP:0003336	Abnormal enchondral ossification	MP:0000150	abnormal rib morphology	HP:0003336MP:0000150
HP:0004348	Abnormality of bone mineral density	MP:0020009	abnormal bone mineral density of femur	HP:0004348MP:0020009
HP:0003119	Abnormal circulating lipid concentration	MP:0005416	abnormal circulating protein level	HP:0003119MP:0005416
HP:0011403	Abnormal umbilical cord blood vessels	MP:0012300	abnormal umbilical cord blood vessel morphology	HP:0011403MP:0012300
HP:0004467	Preauricular pit	MP:0030097	preauricular pit	HP:0004467MP:0030097
HP:0100258	Preaxial polydactyly	MP:0002110	abnormal digit morphology	HP:0100258MP:0002110
HP:0010442	Polydactyly	MP:0002110	abnormal digit morphology	HP:0010442MP:0002110
HP:0031783	Absent coronary sinus	MP:0008212	absent mature B cells	HP:0031783MP:0008212
HP:0001643	Patent ductus arteriosus	MP:0010564	abnormal fetal ductus arteriosus morphology	HP:0001643MP:0010564
HP:0003026	Short long bone	MP:0004686	decreased length of long bones	HP:0003026MP:0004686
HP:0032064	Gastrointestinal eosinophilia	MP:0001663	abnormal digestive system physiology	HP:0032064MP:0001663
HP:0040173	Abnormality of the tongue muscle	MP:0000762	abnormal tongue morphology	HP:0040173MP:0000762
HP:0004035	Abnormality of the styloid process of ulna	MP:0005108	abnormal ulna morphology	HP:0004035MP:0005108
HP:0000274	Small face	MP:0030064	small face	HP:0000274MP:0030064
HP:0002171	Gliosis	MP:0002183	gliosis	HP:0002171MP:0002183
HP:0007971	Lamellar cataract	MP:0010262	lamellar cataract	HP:0007971MP:0010262
HP:0002006	Facial cleft	MP:0008797	facial cleft	HP:0002006MP:0008797
HP:0031296	Atrial septal hypertrophy	MP:0005294	abnormal heart ventricle morphology	HP:0031296MP:0005294
HP:0006492	Aplasia/Hypoplasia of the fibula	MP:0002187	abnormal fibula morphology	HP:0006492MP:0002187
HP:0000077	Abnormality of the kidney	MP:0004194	abnormal kidney pelvis morphology	HP:0000077MP:0004194
HP:0012880	Abnormal labia minora morphology	MP:0003520	abnormal labia minora morphology	HP:0012880MP:0003520
HP:0032200	Perivascular fibrosis	MP:0011749	perivascular fibrosis	HP:0032200MP:0011749
HP:0011700	Automatic atrial tachycardia	MP:0010435	abnormal heart atrium and ventricle connection	HP:0011700MP:0010435
HP:0030440	Anal margin neoplasm	MP:0003769	abnormal lip morphology	HP:0030440MP:0003769
HP:0003765	Psoriasiform dermatitis	MP:0001193	psoriasis	HP:0003765MP:0001193
HP:0032226	Abnormal sebaceous gland morphology	MP:0012725	small sebaceous gland	HP:0032226MP:0012725
HP:0045009	Abnormal morphology of the radius	MP:0000552	abnormal radius morphology	HP:0045009MP:0000552
HP:0001849	Foot oligodactyly	MP:0002110	abnormal digit morphology	HP:0001849MP:0002110
HP:0002242	Abnormal intestine morphology	MP:0000477	abnormal intestine morphology	HP:0002242MP:0000477
HP:0032974	Abnormal cellular composition of bronchoalveolar fluid	MP:0001846	increased inflammatory response	HP:0032974MP:0001846
HP:0008479	Hypoplastic vertebral bodies	MP:0000141	abnormal vertebral body morphology	HP:0008479MP:0000141
HP:0030236	Abnormality of muscle size	MP:0002106	abnormal muscle physiology	HP:0030236MP:0002106
HP:0031703	Abnormal ear morphology	MP:0000026	abnormal inner ear morphology	HP:0031703MP:0000026
HP:0032341	Reduced forced vital capacity	MP:0011235	abnormal blood oxygen capacity	HP:0032341MP:0011235
HP:0025443	Abnormal cardiac atrial physiology	MP:0001544	abnormal cardiovascular system physiology	HP:0025443MP:0001544
HP:0030148	Heart murmur	MP:0005416	abnormal circulating protein level	HP:0030148MP:0005416
HP:0031657	Abnormal heart sound	MP:0000266	abnormal heart morphology	HP:0031657MP:0000266
HP:0040084	Abnormal circulating renin	MP:0005416	abnormal circulating protein level	HP:0040084MP:0005416
HP:0045082	Decreased body mass index	MP:0006086	decreased body mass index	HP:0045082MP:0006086
HP:0001161	Hand polydactyly	MP:0002110	abnormal digit morphology	HP:0001161MP:0002110
HP:0031254	Thalamic arteriovenous malformation	MP:0006093	arteriovenous malformation	HP:0031254MP:0006093
HP:0004329	Abnormal posterior eye segment morphology	MP:0002092	abnormal eye morphology	HP:0004329MP:0002092
HP:0000656	Ectropion	MP:0006164	ectropion	HP:0000656MP:0006164
HP:0005482	Abnormality of the alternative complement pathway	MP:0002471	abnormal complement pathway	HP:0005482MP:0002471
HP:0000854	Thyroid adenoma	MP:0000678	abnormal parathyroid gland morphology	HP:0000854MP:0000678
HP:0011849	Abnormal bone ossification	MP:0008271	abnormal bone ossification	HP:0011849MP:0008271
HP:0030850	Abnormal pulse pressure	MP:0003882	abnormal pulse pressure	HP:0030850MP:0003882
HP:0002067	Bradykinesia	MP:0005156	bradykinesia	HP:0002067MP:0005156
HP:0011875	Abnormal platelet morphology	MP:0004720	abnormal platelet morphology	HP:0011875MP:0004720
HP:0010334	Polydactyly affecting the 3rd toe	MP:0002110	abnormal digit morphology	HP:0010334MP:0002110
HP:0040108	Morphological abnormality of the anterior semicircular canal	MP:0008488	abnormal semicircular canal ampulla morphology	HP:0040108MP:0008488
HP:0007165	Periventricular heterotopia	MP:0005294	abnormal heart ventricle morphology	HP:0007165MP:0005294
HP:0005113	Aortic arch aneurysm	MP:0004113	abnormal aortic arch morphology	HP:0005113MP:0004113
HP:0032599	Abnormal renal tubular epithelial morphology	MP:0002703	abnormal renal tubule morphology	HP:0032599MP:0002703
HP:0001177	Preaxial hand polydactyly	MP:0002110	abnormal digit morphology	HP:0001177MP:0002110
HP:0000047	Hypospadias	MP:0003124	hypospadia	HP:0000047MP:0003124
HP:0011104	Abnormality of blood volume homeostasis	MP:0005416	abnormal circulating protein level	HP:0011104MP:0005416
HP:0005537	Decreased mean platelet volume	MP:0008935	decreased mean platelet volume	HP:0005537MP:0008935
HP:0011876	Abnormal platelet volume	MP:0002586	abnormal platelet volume	HP:0011876MP:0002586
HP:0010690	Mirror image hand polydactyly	MP:0002110	abnormal digit morphology	HP:0010690MP:0002110
HP:0010689	Mirror image polydactyly	MP:0002110	abnormal digit morphology	HP:0010689MP:0002110
HP:0025580	Abnormal right atrium morphology	MP:0003922	abnormal heart right atrium morphology	HP:0025580MP:0003922
HP:0000614	Abnormal nasolacrimal system morphology	MP:0001346	abnormal lacrimal gland morphology	HP:0000614MP:0001346
HP:0031437	Pregnancy exposure	MP:0003795	abnormal bone structure	HP:0031437MP:0003795
HP:0004398	Peptic ulcer	MP:0003301	peptic ulcer	HP:0004398MP:0003301
HP:0200123	Chronic hepatitis	MP:0001846	increased inflammatory response	HP:0200123MP:0001846
HP:0011382	Hypoplasia of the semicircular canal	MP:0000037	abnormal lateral semicircular canal morphology	HP:0011382MP:0000037
HP:0012561	Unicuspid aortic valve	MP:0010596	unicuspid aortic valve	HP:0012561MP:0010596
HP:0031567	Abnormal aortic valve cusp morphology	MP:0002747	abnormal aortic valve morphology	HP:0031567MP:0002747
HP:0011475	Persistent stapedial artery	MP:0004665	abnormal stapedial artery morphology	HP:0011475MP:0004665
HP:0025326	Retinal arterial occlusion	MP:0031139	abnormal retinal artery morphology	HP:0025326MP:0031139
HP:0005150	Abnormal atrioventricular conduction	MP:0005294	abnormal heart ventricle morphology	HP:0005150MP:0005294
HP:0012372	Abnormal eye morphology	MP:0002092	abnormal eye morphology	HP:0012372MP:0002092
HP:0000478	Abnormality of the eye	MP:0002092	abnormal eye morphology	HP:0000478MP:0002092
HP:0000086	Ectopic kidney	MP:0003600	ectopic kidney	HP:0000086MP:0003600
HP:0005863	Type E brachydactyly	MP:0002110	abnormal digit morphology	HP:0005863MP:0002110
HP:0005696	Postaxial polydactyly type A	MP:0009744	postaxial polydactyly	HP:0005696MP:0009744
HP:0012303	Abnormal aortic arch morphology	MP:0004113	abnormal aortic arch morphology	HP:0012303MP:0004113
HP:0004822	Atypical elliptocytosis	MP:0009547	elliptocytosis	HP:0004822MP:0009547
HP:0004445	Elliptocytosis	MP:0009547	elliptocytosis	HP:0004445MP:0009547
HP:0100238	Synostosis involving bones of the upper limbs	MP:0000566	synostosis	HP:0100238MP:0000566
HP:0000185	Cleft soft palate	MP:0009890	cleft secondary palate	HP:0000185MP:0009890
HP:0000175	Cleft palate	MP:0009890	cleft secondary palate	HP:0000175MP:0009890
HP:0010068	Broad first metatarsal	MP:0004642	fused metatarsal bones	HP:0010068MP:0004642
HP:0011819	Submucous cleft soft palate	MP:0013547	submucous cleft soft palate	HP:0011819MP:0013547
HP:0005301	Persistent left superior vena cava	MP:0006063	abnormal inferior vena cava morphology	HP:0005301MP:0006063
HP:0025575	Abnormal superior vena cava morphology	MP:0006062	abnormal vena cava morphology	HP:0025575MP:0006062
HP:0004959	Descending thoracic aorta aneurysm	MP:0009869	abnormal descending aorta morphology	HP:0004959MP:0009869
HP:0005110	Atrial fibrillation	MP:0005294	abnormal heart ventricle morphology	HP:0005110MP:0005294
HP:0031368	Intestinal perforation	MP:0000470	abnormal stomach morphology	HP:0031368MP:0000470
HP:0007763	Retinal telangiectasia	MP:0004175	telangiectases	HP:0007763MP:0004175
HP:0025520	Calcinosis cutis	MP:0003195	calcinosis	HP:0025520MP:0003195
HP:0011994	Abnormal atrial septum morphology	MP:0005294	abnormal heart ventricle morphology	HP:0011994MP:0005294
HP:0040131	Abnormal motor nerve conduction velocity	MP:0005403	abnormal nerve conduction	HP:0040131MP:0005403
HP:0009825	Aplasia involving bones of the extremities	MP:0004144	hypotonia	HP:0009825MP:0004144
HP:0000777	Abnormality of the thymus	MP:0000706	small thymus	HP:0000777MP:0000706
HP:0002605	Hepatic necrosis	MP:0000316	cellular necrosis	HP:0002605MP:0000316
HP:0033270	Glomerular capillary congestion	MP:0000532	kidney vascular congestion	HP:0033270MP:0000532
HP:0000319	Smooth philtrum	MP:0012256	abnormal philtrum morphology	HP:0000319MP:0012256
HP:0033859	Abnormal peritubular capillary morphology	MP:0011310	abnormal kidney capillary morphology	HP:0033859MP:0011310
HP:0012020	Right aortic arch	MP:0004158	right aortic arch	HP:0012020MP:0004158
HP:0031107	Decreased fibular diameter	MP:0002187	abnormal fibula morphology	HP:0031107MP:0002187
HP:0200127	Atrial cardiomyopathy	MP:0005294	abnormal heart ventricle morphology	HP:0200127MP:0005294
HP:0011135	Aplasia/Hypoplasia of the sweat glands	MP:0013592	small thymus cortex	HP:0011135MP:0013592
HP:0031265	Abnormal glomerular visceral epithelial cell morphology	MP:0001126	abnormal ovary morphology	HP:0031265MP:0001126
HP:0100678	Premature skin wrinkling	MP:0001211	wrinkled skin	HP:0100678MP:0001211
HP:0033379	Bilateral superior vena cava	MP:0006063	abnormal inferior vena cava morphology	HP:0033379MP:0006063
HP:0011479	Abnormal lacrimal punctum morphology	MP:0001346	abnormal lacrimal gland morphology	HP:0011479MP:0001346
HP:0100747	Macrodactyly of toe	MP:0002110	abnormal digit morphology	HP:0100747MP:0002110
HP:0004099	Macrodactyly	MP:0002110	abnormal digit morphology	HP:0004099MP:0002110
HP:0004414	Abnormality of the pulmonary artery	MP:0000272	abnormal aorta morphology	HP:0004414MP:0000272
HP:0004743	Chronic tubulointerstitial nephritis	MP:0011405	tubulointerstitial nephritis	HP:0004743MP:0011405
HP:0001970	Tubulointerstitial nephritis	MP:0001859	kidney inflammation	HP:0001970MP:0001859
HP:0012094	Abnormal pancreas size	MP:0000272	abnormal aorta morphology	HP:0012094MP:0000272
HP:0001449	Duplication of metatarsal bones	MP:0004642	fused metatarsal bones	HP:0001449MP:0004642
HP:0007268	Aprosencephaly	MP:0006291	aprosencephaly	HP:0007268MP:0006291
HP:0010464	Streak ovary	MP:0002231	abnormal primitive streak morphology	HP:0010464MP:0002231
HP:0008341	Distal renal tubular acidosis	MP:0002703	abnormal renal tubule morphology	HP:0008341MP:0002703
HP:0004704	Short fifth metatarsal	MP:0004635	short metatarsal bones	HP:0004704MP:0004635
HP:0008089	Abnormality of the fifth metatarsal bone	MP:0003072	abnormal metatarsal bone morphology	HP:0008089MP:0003072
HP:0004936	Venous thrombosis	MP:0031158	abnormal venous thrombosis	HP:0004936MP:0031158
HP:0032618	Renal necrosis	MP:0000316	cellular necrosis	HP:0032618MP:0000316
HP:0005182	Bicuspid pulmonary valve	MP:0010527	bicuspid pulmonary valve	HP:0005182MP:0010527
HP:0031566	Abnormal pulmonary valve cusp morphology	MP:0010602	abnormal pulmonary valve cusp morphology	HP:0031566MP:0010602
HP:0001911	Abnormal granulocyte morphology	MP:0002441	abnormal granulocyte morphology	HP:0001911MP:0002441
HP:0045060	Aplasia/hypoplasia involving bones of the extremities	MP:0004144	hypotonia	HP:0045060MP:0004144
HP:0033263	Absent platelet dense granules	MP:0004721	abnormal platelet dense granule morphology	HP:0033263MP:0004721
HP:0001732	Abnormality of the pancreas	MP:0002693	abnormal pancreas physiology	HP:0001732MP:0002693
HP:0009099	Median cleft palate	MP:0009890	cleft secondary palate	HP:0009099MP:0009890
HP:0003259	Elevated circulating creatinine concentration	MP:0005328	abnormal circulating creatinine level	HP:0003259MP:0005328
HP:0012062	Bone cyst	MP:0003795	abnormal bone structure	HP:0012062MP:0003795
HP:0001473	Metatarsal osteolysis	MP:0003072	abnormal metatarsal bone morphology	HP:0001473MP:0003072
HP:0000734	Disinhibition	MP:0005266	abnormal metabolism	HP:0000734MP:0005266
HP:0025579	Abnormal left atrium morphology	MP:0003923	abnormal heart left atrium morphology	HP:0025579MP:0003923
HP:0004755	Supraventricular tachycardia	MP:0005294	abnormal heart ventricle morphology	HP:0004755MP:0005294
HP:0100634	Neuroendocrine neoplasm	MP:0001846	increased inflammatory response	HP:0100634MP:0001846
HP:0033982	Celiac artery dissection	MP:0013854	abnormal celiac artery morphology	HP:0033982MP:0013854
HP:0030781	Increased circulating free fatty acid level	MP:0001554	increased circulating free fatty acids level	HP:0030781MP:0001554
HP:0011552	Ambiguous atrioventricular connection	MP:0010435	abnormal heart atrium and ventricle connection	HP:0011552MP:0010435
HP:0030398	Abnormal platelet ATP dense granule secretion	MP:0009446	abnormal platelet dense granule physiology	HP:0030398MP:0009446
HP:0030397	Abnormal platelet dense granule secretion	MP:0009446	abnormal platelet dense granule physiology	HP:0030397MP:0009446
HP:0004796	Gastrointestinal obstruction	MP:0001846	increased inflammatory response	HP:0004796MP:0001846
HP:0030886	Abnormal lymphocyte apoptosis	MP:0001648	abnormal apoptosis	HP:0030886MP:0001648
HP:0008034	Abnormal iris pigmentation	MP:0002075	abnormal coat/hair pigmentation	HP:0008034MP:0002075
HP:0001709	Third degree atrioventricular block	MP:0010413	complete atrioventricular septal defect	HP:0001709MP:0010413
HP:0010503	Fibular duplication	MP:0002187	abnormal fibula morphology	HP:0010503MP:0002187
HP:0011610	Type IV truncus arteriosus	MP:0002633	persistent truncus arteriosis	HP:0011610MP:0002633
HP:0001660	Truncus arteriosus	MP:0002633	persistent truncus arteriosis	HP:0001660MP:0002633
HP:0100737	Abnormal hard palate morphology	MP:0003756	abnormal hard palate morphology	HP:0100737MP:0003756
HP:0031196	Thin myocardium compact layer	MP:0004057	thin myocardium compact layer	HP:0031196MP:0004057
HP:0002579	Gastrointestinal dysmotility	MP:0011082	abnormal gastrointestinal motility	HP:0002579MP:0011082
HP:0100792	Acantholysis	MP:0004241	acantholysis	HP:0100792MP:0004241
HP:0012872	Abnormal vas deferens morphology	MP:0002769	abnormal vas deferens morphology	HP:0012872MP:0002769
HP:0002645	Wormian bones	MP:0030030	Wormian bones	HP:0002645MP:0030030
HP:0100338	Non-midline cleft palate	MP:0009890	cleft secondary palate	HP:0100338MP:0009890
HP:0012892	Facial muscle hypertrophy	MP:0030039	abnormal facial muscle morphology	HP:0012892MP:0030039
HP:0000897	Rachitic rosary	MP:0030884	rachitic rosary	HP:0000897MP:0030884
HP:0010446	Tricuspid stenosis	MP:0006124	tricuspid valve stenosis	HP:0010446MP:0006124
HP:0003199	Decreased muscle mass	MP:0004819	decreased skeletal muscle mass	HP:0003199MP:0004819
HP:0100770	Hyperperistalsis	MP:0003289	abnormal intestinal peristalsis	HP:0100770MP:0003289
HP:0002883	Hyperventilation	MP:0002320	hyperventilation	HP:0002883MP:0002320
HP:0005542	Prolonged whole-blood clotting time	MP:0000249	abnormal blood vessel physiology	HP:0005542MP:0000249
HP:0041058	Chronic decreased circulating IgG4	MP:0008212	absent mature B cells	HP:0041058MP:0008212
HP:0031248	Palmar pruritus	MP:0010071	abnormal pruritus	HP:0031248MP:0010071
HP:0011732	Abnormality of adrenal morphology	MP:0001126	abnormal ovary morphology	HP:0011732MP:0001126
HP:0100705	Abnormal glial cell morphology	MP:0000952	abnormal CNS glial cell morphology	HP:0100705MP:0000952
HP:0010478	Abnormality of the urachus	MP:0001846	increased inflammatory response	HP:0010478MP:0001846
HP:0100686	Enthesitis	MP:0013942	enthesitis	HP:0100686MP:0013942
HP:0007633	Bilateral microphthalmos	MP:0001297	microphthalmia	HP:0007633MP:0001297
HP:0011474	Childhood onset sensorineural hearing impairment	MP:0006329	sensorineural hearing impairment	HP:0011474MP:0006329
HP:0032563	Dacryocytosis	MP:0010176	dacryocytosis	HP:0032563MP:0010176
HP:0002148	Hypophosphatemia	MP:0006110	ventricular fibrillation	HP:0002148MP:0006110
HP:0005773	Short forearm	MP:0004686	decreased length of long bones	HP:0005773MP:0004686
HP:0031891	Decreased eosinophil count	MP:0002465	abnormal eosinophil physiology	HP:0031891MP:0002465
HP:0012248	Prolonged PR interval	MP:0010511	shortened PR interval	HP:0012248MP:0010511
HP:0007905	Abnormal iris vasculature	MP:0005253	abnormal eye physiology	HP:0007905MP:0005253
HP:0100337	Bilateral cleft palate	MP:0009890	cleft secondary palate	HP:0100337MP:0009890
HP:0005184	Prolonged QTc interval	MP:0003900	shortened QT interval	HP:0005184MP:0003900
HP:0008151	Prolonged prothrombin time	MP:0012355	decreased prothrombin time	HP:0008151MP:0012355
HP:0032199	Abnormal prothrombin time	MP:0012354	abnormal prothrombin time	HP:0032199MP:0012354
HP:0001829	Foot polydactyly	MP:0002110	abnormal digit morphology	HP:0001829MP:0002110
HP:0009900	Unilateral deafness	MP:0004699	unilateral deafness	HP:0009900MP:0004699
HP:0033320	Mesangial cell loss	MP:0011428	decreased mesangial cell number	HP:0033320MP:0011428
HP:0003323	Progressive muscle weakness	MP:0000748	progressive muscle weakness	HP:0003323MP:0000748
HP:0005627	Type D brachydactyly	MP:0002110	abnormal digit morphology	HP:0005627MP:0002110
HP:0001290	Generalized hypotonia	MP:0004144	hypotonia	HP:0001290MP:0004144
HP:0011663	Right ventricular cardiomyopathy	MP:0003649	decreased heart right ventricle size	HP:0011663MP:0003649
HP:0031652	Abnormal aortic valve physiology	MP:0000272	abnormal aorta morphology	HP:0031652MP:0000272
HP:0030333	Abnormal alpha-beta T cell morphology	MP:0005010	abnormal CD8-positive, alpha beta T cell morphology	HP:0030333MP:0005010
HP:0000557	Buphthalmos	MP:0009274	buphthalmos	HP:0000557MP:0009274
HP:0011604	Aortopulmonary window	MP:0010455	aortopulmonary window	HP:0011604MP:0010455
HP:0004800	Duodenal diverticula	MP:0002187	abnormal fibula morphology	HP:0004800MP:0002187
HP:0012050	Anasarca	MP:0011738	anasarca	HP:0012050MP:0011738
HP:0008369	Abnormal tarsal ossification	MP:0008919	fused tarsal bones	HP:0008369MP:0008919
HP:0001737	Pancreatic cysts	MP:0000109	abnormal parietal bone morphology	HP:0001737MP:0000109
HP:0011061	Abnormality of dental structure	MP:0002100	abnormal tooth morphology	HP:0011061MP:0002100
HP:0011426	Fetal choroid plexus cysts	MP:0005098	abnormal optic choroid morphology	HP:0011426MP:0005098
HP:0012868	Abnormal sperm tail morphology	MP:0008892	abnormal sperm flagellum morphology	HP:0012868MP:0008892
HP:0010754	Abnormality of the temporomandibular joint	MP:0011210	abnormal temporomandibular joint morphology	HP:0010754MP:0011210
HP:0004756	Ventricular tachycardia	MP:0005294	abnormal heart ventricle morphology	HP:0004756MP:0005294
HP:0011029	Internal hemorrhage	MP:0001634	internal hemorrhage	HP:0011029MP:0001634
HP:0009101	Submucous cleft lip	MP:0011615	submucous cleft palate	HP:0009101MP:0011615
HP:0031821	Abnormal hypoxanthine-guanine phosphoribosyltransferase level	MP:0012210	increased hypoxanthine-guanine phosphoribosyltransferase level	HP:0031821MP:0012210
HP:0004942	Aortic aneurysm	MP:0000272	abnormal aorta morphology	HP:0004942MP:0000272
HP:0012212	Abnormal glomerular filtration rate	MP:0013284	abnormal renal glomerular filtration	HP:0012212MP:0013284
HP:0006210	Postaxial oligodactyly	MP:0009744	postaxial polydactyly	HP:0006210MP:0009744
HP:0001180	Hand oligodactyly	MP:0002110	abnormal digit morphology	HP:0001180MP:0002110
HP:0010297	Bifid tongue	MP:0009909	bifid tongue	HP:0010297MP:0009909
HP:0031086	Ectopic ovary	MP:0011727	ectopic ovary	HP:0031086MP:0011727
HP:0008245	Pituitary hypothyroidism	MP:0000532	kidney vascular congestion	HP:0008245MP:0000532
HP:0004792	Rectoperineal fistula	MP:0003318	rectoperineal fistula	HP:0004792MP:0003318
HP:0004871	Perineal fistula	MP:0003316	perineal fistula	HP:0004871MP:0003316
HP:0000598	Abnormality of the ear	MP:0000026	abnormal inner ear morphology	HP:0000598MP:0000026
HP:0100766	Abnormal lymphatic vessel morphology	MP:0001879	abnormal lymphatic vessel morphology	HP:0100766MP:0001879
HP:0020179	Abnormal haptoglobin level	MP:0013215	abnormal haptoglobin level	HP:0020179MP:0013215
HP:0003137	Prolinuria	MP:0020404	prolinuria	HP:0003137MP:0020404
HP:0031264	Abnormal Bowman capsule morphology	MP:0011320	abnormal glomerular capillary morphology	HP:0031264MP:0011320
HP:0410031	Submucous cleft of soft and hard palate	MP:0013547	submucous cleft soft palate	HP:0410031MP:0013547
HP:0031739	Abnormal oblique muscle physiology	MP:0002106	abnormal muscle physiology	HP:0031739MP:0002106
HP:0011037	Decreased urine output	MP:0003311	aminoaciduria	HP:0011037MP:0003311
HP:0004379	Abnormality of alkaline phosphatase level	MP:0000202	abnormal circulating alkaline phosphatase level	HP:0004379MP:0000202
HP:0006870	Lobar holoprosencephaly	MP:0005157	holoprosencephaly	HP:0006870MP:0005157
HP:0001360	Holoprosencephaly	MP:0005157	holoprosencephaly	HP:0001360MP:0005157
HP:0030037	Bifid ureter	MP:0003584	bifid ureter	HP:0030037MP:0003584
HP:0031918	Ovarian sex cord-stromal tumor	MP:0001126	abnormal ovary morphology	HP:0031918MP:0001126
HP:0004754	Permanent atrial fibrillation	MP:0006109	fibrillation	HP:0004754MP:0006109
HP:0008729	Absence of labia majora	MP:0003516	absent labia majora	HP:0008729MP:0003516
HP:0011467	Absent gallbladder	MP:0008212	absent mature B cells	HP:0011467MP:0008212
HP:0011466	Aplasia/Hypoplasia of the gallbladder	MP:0003250	absent gallbladder	HP:0011466MP:0003250
HP:0001386	Joint swelling	MP:0002936	joint swelling	HP:0001386MP:0002936
HP:0030309	Flared distal fibular metaphysis	MP:0002187	abnormal fibula morphology	HP:0030309MP:0002187
HP:0005194	Flattened metatarsal heads	MP:0003072	abnormal metatarsal bone morphology	HP:0005194MP:0003072
HP:0012621	Persistent cloaca	MP:0003129	persistent cloaca	HP:0012621MP:0003129
HP:0031837	Decreased superoxide dismutase level	MP:0012658	abnormal superoxide dismutase level	HP:0031837MP:0012658
HP:0031835	Abnormal superoxide dismutase level	MP:0012658	abnormal superoxide dismutase level	HP:0031835MP:0012658
HP:0000894	Short clavicles	MP:0004337	clavicle hypoplasia	HP:0000894MP:0004337
HP:0012547	Abnormal involuntary eye movements	MP:0002092	abnormal eye morphology	HP:0012547MP:0002092
HP:0008419	Intervertebral disc degeneration	MP:0004684	intervertebral disk degeneration	HP:0008419MP:0004684
HP:0011417	Long umbilical cord	MP:0012304	short umbilical cord	HP:0011417MP:0012304
HP:0005374	Cellular immunodeficiency	MP:0001601	abnormal myelopoiesis	HP:0005374MP:0001601
HP:0010786	Urinary tract neoplasm	MP:0001846	increased inflammatory response	HP:0010786MP:0001846
HP:0009020	Exercise-induced muscle fatigue	MP:0000750	abnormal muscle regeneration	HP:0009020MP:0000750
HP:0003750	Increased muscle fatiguability	MP:0003646	muscle fatigue	HP:0003750MP:0003646
HP:0010469	Absent testis	MP:0008212	absent mature B cells	HP:0010469MP:0008212
HP:0025486	Fused labia majora	MP:0003517	enlarged labia majora	HP:0025486MP:0003517
HP:0011560	Mitral atresia	MP:0006119	mitral valve atresia	HP:0011560MP:0006119
HP:0031668	Diastolic heart murmur	MP:0006114	cardiac murmur	HP:0031668MP:0006114
HP:0000058	Abnormal labia morphology	MP:0003511	abnormal labium morphology	HP:0000058MP:0003511
HP:0012165	Oligodactyly	MP:0002110	abnormal digit morphology	HP:0012165MP:0002110
HP:0032224	ABO blood group	MP:0001846	increased inflammatory response	HP:0032224MP:0001846
HP:0005557	Abnormality of the zygomatic arch	MP:0004469	abnormal zygomatic arch morphology	HP:0005557MP:0004469
HP:0012226	Ovarian teratoma	MP:0001126	abnormal ovary morphology	HP:0012226MP:0001126
HP:0011587	Abnormal branching pattern of the aortic arch	MP:0004113	abnormal aortic arch morphology	HP:0011587MP:0004113
HP:0012102	Abnormal mitochondrial number	MP:0006035	abnormal mitochondrial morphology	HP:0012102MP:0006035
HP:0012232	Shortened QT interval	MP:0003900	shortened QT interval	HP:0012232MP:0003900
HP:0000971	Abnormal sweat gland morphology	MP:0000674	abnormal sweat gland morphology	HP:0000971MP:0000674
HP:0012507	Weakness of orbicularis oculi muscle	MP:0030173	abnormal orbicularis oculi muscle morphology	HP:0012507MP:0030173
HP:0033343	Mucoid diarrhea	MP:0008212	absent mature B cells	HP:0033343MP:0008212
HP:0030746	Intraventricular hemorrhage	MP:0001917	intraventricular hemorrhage	HP:0030746MP:0001917
HP:0004368	Increased circulating purine concentration	MP:0005416	abnormal circulating protein level	HP:0004368MP:0005416
HP:0100588	Paraphimosis	MP:0010033	paraphimosis	HP:0100588MP:0010033
HP:0004779	Brittle scalp hair	MP:0003848	brittle hair	HP:0004779MP:0003848
HP:0002299	Brittle hair	MP:0003848	brittle hair	HP:0002299MP:0003848
HP:0002507	Semilobar holoprosencephaly	MP:0005157	holoprosencephaly	HP:0002507MP:0005157
HP:0011641	Coronary artery fistula	MP:0010476	coronary fistula	HP:0011641MP:0010476
HP:0010789	Abnormality of the Leydig cells	MP:0013602	abnormal Leydig cell differentiation	HP:0010789MP:0013602
HP:0031941	Abnormal portal venous system morphology	MP:0031158	abnormal venous thrombosis	HP:0031941MP:0031158
HP:0001671	Abnormal cardiac septum morphology	MP:0005294	abnormal heart ventricle morphology	HP:0001671MP:0005294
HP:0410278	Pituitary gland cyst	MP:0000636	enlarged pituitary gland	HP:0410278MP:0000636
HP:0007380	Facial telangiectasia	MP:0004175	telangiectases	HP:0007380MP:0004175
HP:0031784	Abnormal ascending aorta morphology	MP:0000272	abnormal aorta morphology	HP:0031784MP:0000272
HP:0001646	Abnormal aortic valve morphology	MP:0002747	abnormal aortic valve morphology	HP:0001646MP:0002747
HP:0031596	Abnormal PR segment	MP:0003901	abnormal PR interval	HP:0031596MP:0003901
HP:0000884	Prominent sternum	MP:0000157	abnormal sternum morphology	HP:0000884MP:0000157
HP:0012505	Enlarged pituitary gland	MP:0000636	enlarged pituitary gland	HP:0012505MP:0000636
HP:0012504	Abnormal size of pituitary gland	MP:0000633	abnormal pituitary gland morphology	HP:0012504MP:0000633
HP:0000137	Abnormality of the ovary	MP:0001126	abnormal ovary morphology	HP:0000137MP:0001126
HP:0004629	Small cervical vertebral bodies	MP:0000141	abnormal vertebral body morphology	HP:0004629MP:0000141
HP:0031117	Purely bicuspid aortic valve	MP:0010484	bicuspid aortic valve	HP:0031117MP:0010484
HP:0031252	Dilated left subclavian artery	MP:0003395	abnormal subclavian artery morphology	HP:0031252MP:0003395
HP:0030655	Umbilical cord knot	MP:0012300	abnormal umbilical cord blood vessel morphology	HP:0030655MP:0012300
HP:0006230	Unilateral oligodactyly	MP:0002110	abnormal digit morphology	HP:0006230MP:0002110
HP:0002173	Hypoglycemic seizures	MP:0000109	abnormal parietal bone morphology	HP:0002173MP:0000109
HP:0030224	Abnormal muscle fiber desmin	MP:0009398	abnormal skeletal muscle fiber size	HP:0030224MP:0009398
HP:0031000	Vestibular saccular degeneration	MP:0004329	vestibular saccular degeneration	HP:0031000MP:0004329
HP:0030999	Abnormal vestibular saccule morphology	MP:0006089	abnormal vestibular saccule morphology	HP:0030999MP:0006089
HP:0001680	Coarctation of aorta	MP:0003387	aorta coarctation	HP:0001680MP:0003387
HP:0011623	Muscular ventricular septal defect	MP:0010402	ventricular septal defect	HP:0011623MP:0010402
HP:0004446	Stomatocytosis	MP:0010074	stomatocytosis	HP:0004446MP:0010074
HP:0004686	Short third metatarsal	MP:0004635	short metatarsal bones	HP:0004686MP:0004635
HP:0033813	Perilobular	MP:0002428	abnormal semicircular canal morphology	HP:0033813MP:0002428
HP:0001923	Reticulocytosis	MP:0002640	reticulocytosis	HP:0001923MP:0002640
HP:0004312	Abnormal reticulocyte morphology	MP:0002640	reticulocytosis	HP:0004312MP:0002640
HP:0002020	Gastroesophageal reflux	MP:0003286	gastroesophageal reflux	HP:0002020MP:0003286
HP:0000182	Movement abnormality of the tongue	MP:0000762	abnormal tongue morphology	HP:0000182MP:0000762
HP:4000007	Bronchoconstriction	MP:0001945	bronchoconstriction	HP:4000007MP:0001945
HP:0025547	Decreased mean corpuscular hemoglobin concentration	MP:0005640	abnormal mean corpuscular hemoglobin concentration	HP:0025547MP:0005640
HP:0025546	Abnormal mean corpuscular hemoglobin concentration	MP:0005640	abnormal mean corpuscular hemoglobin concentration	HP:0025546MP:0005640
HP:0001541	Ascites	MP:0012080	chylous ascites	HP:0001541MP:0012080
HP:0005659	Thoracic kyphoscoliosis	MP:0000069	kyphoscoliosis	HP:0005659MP:0000069
HP:0011476	Profound sensorineural hearing impairment	MP:0006329	sensorineural hearing impairment	HP:0011476MP:0006329
HP:0031842	Lymphangiectasis	MP:0004175	telangiectases	HP:0031842MP:0004175
HP:0003363	Abdominal situs inversus	MP:0002766	situs inversus	HP:0003363MP:0002766
HP:0010515	Aplasia/Hypoplasia of the thymus	MP:0000706	small thymus	HP:0010515MP:0000706
HP:0410397	Bronchiolectasis	MP:0011013	bronchiolectasis	HP:0410397MP:0011013
HP:0005617	Bilateral camptodactyly	MP:0003807	camptodactyly	HP:0005617MP:0003807
HP:0012492	Cerebral artery stenosis	MP:0006135	artery stenosis	HP:0012492MP:0006135
HP:0032198	Decreased prothrombin time	MP:0012354	abnormal prothrombin time	HP:0032198MP:0012354
HP:0410043	Abnormal neural tube morphology	MP:0003720	abnormal neural tube closure	HP:0410043MP:0003720
HP:0012506	Small pituitary gland	MP:0008936	abnormal pituitary gland size	HP:0012506MP:0008936
HP:0002913	Myoglobinuria	MP:0003311	aminoaciduria	HP:0002913MP:0003311
HP:0033475	Limited shoulder abduction	MP:0006154	eye abduction	HP:0033475MP:0006154
HP:0002927	Histidinuria	MP:0011654	histidinuria	HP:0002927MP:0011654
HP:0004502	Bilateral choanal atresia	MP:0006119	mitral valve atresia	HP:0004502MP:0006119
HP:0007879	Allergic conjunctivitis	MP:0001852	conjunctivitis	HP:0007879MP:0001852
HP:0011706	Second degree atrioventricular block	MP:0010413	complete atrioventricular septal defect	HP:0011706MP:0010413
HP:0011801	Enlargement of parotid gland	MP:0009531	increased parotid gland size	HP:0011801MP:0009531
HP:0006988	Alobar holoprosencephaly	MP:0005157	holoprosencephaly	HP:0006988MP:0005157
HP:0012246	Oculomotor nerve palsy	MP:0001061	abnormal oculomotor nerve morphology	HP:0012246MP:0001061
HP:0000913	Posterior rib fusion	MP:0000154	rib fusion	HP:0000913MP:0000154
HP:0000902	Rib fusion	MP:0000150	abnormal rib morphology	HP:0000902MP:0000150
HP:0010695	Sutural cataract	MP:0010261	sutural cataract	HP:0010695MP:0010261
HP:0011451	Primary microcephaly	MP:0000433	microcephaly	HP:0011451MP:0000433
HP:0012806	Proboscis	MP:0006290	proboscis	HP:0012806MP:0006290
HP:0030762	Mesangiolysis	MP:0011430	mesangiolysis	HP:0030762MP:0011430
HP:0012068	Aspartylglucosaminuria	MP:0011516	aspartylglucosaminuria	HP:0012068MP:0011516
HP:0030654	Umbilical cord cyst	MP:0012300	abnormal umbilical cord blood vessel morphology	HP:0030654MP:0012300
HP:0010691	Mirror image foot polydactyly	MP:0002110	abnormal digit morphology	HP:0010691MP:0002110
HP:0040250	Reduced prothrombin antigen	MP:0012354	abnormal prothrombin time	HP:0040250MP:0012354
HP:0010883	Aortic valve atresia	MP:0006115	aortic valve atresia	HP:0010883MP:0006115
HP:0031899	Abnormal coagulation factor V activity	MP:0002471	abnormal complement pathway	HP:0031899MP:0002471
HP:0012310	Abnormal monocyte count	MP:0002451	abnormal macrophage physiology	HP:0012310MP:0002451
HP:0011456	Absent stapes	MP:0000040	absent middle ear ossicles	HP:0011456MP:0000040
HP:0030011	Imperforate hymen	MP:0003540	imperforate hymen	HP:0030011MP:0003540
HP:0009373	Type C brachydactyly	MP:0002110	abnormal digit morphology	HP:0009373MP:0002110
HP:0012021	Persistent patent ductus venosus	MP:0008212	absent mature B cells	HP:0012021MP:0008212
HP:0031823	Reduced hypoxanthine-guanine phosphoribosyltransferase level	MP:0012210	increased hypoxanthine-guanine phosphoribosyltransferase level	HP:0031823MP:0012210
HP:0030289	Flattened femoral epiphysis	MP:0000131	abnormal long bone epiphysis morphology	HP:0030289MP:0000131
HP:0005317	Increased pulmonary vascular resistance	MP:0003034	increased pulmonary vascular resistance	HP:0005317MP:0003034
HP:0011359	Dry hair	MP:0014053	dry hair	HP:0011359MP:0014053
HP:0100495	Mastocytosis	MP:0001131	abnormal ovarian follicle morphology	HP:0100495MP:0001131
HP:0012229	CSF pleocytosis	MP:0002447	abnormal erythrocyte morphology	HP:0012229MP:0002447
HP:0010774	Cor triatriatum	MP:0010409	cor triatriatum	HP:0010774MP:0010409
HP:0000176	Submucous cleft hard palate	MP:0011615	submucous cleft palate	HP:0000176MP:0011615
HP:0007738	Uncontrolled eye movements	MP:0002092	abnormal eye morphology	HP:0007738MP:0002092
HP:0001019	Erythroderma	MP:0003454	erythroderma	HP:0001019MP:0003454
HP:0002907	Microscopic hematuria	MP:0003311	aminoaciduria	HP:0002907MP:0003311
HP:0011650	Bilateral ductus arteriosus	MP:0010564	abnormal fetal ductus arteriosus morphology	HP:0011650MP:0010564
HP:0000070	Ureterocele	MP:0011767	ureterocele	HP:0000070MP:0011767
HP:0009741	Nephrosclerosis	MP:0009860	nephrosclerosis	HP:0009741MP:0009860
HP:0033234	Mesangial hyaline deposition	MP:0011428	decreased mesangial cell number	HP:0033234MP:0011428
HP:0010882	Pulmonary valve atresia	MP:0006115	aortic valve atresia	HP:0010882MP:0006115
HP:0031565	Abdominal situs ambiguus	MP:0031284	abdominal situs abnormality	HP:0031565MP:0031284
HP:0001714	Ventricular hypertrophy	MP:0005294	abnormal heart ventricle morphology	HP:0001714MP:0005294
HP:0040013	Decreased mitochondrial number	MP:0011629	decreased mitochondrial number	HP:0040013MP:0011629
HP:0008672	Calcium oxalate nephrolithiasis	MP:0002830	gallstones	HP:0008672MP:0002830
HP:0005369	Decreased serum complement factor H	MP:0002471	abnormal complement pathway	HP:0005369MP:0002471
HP:0005236	Chronic calcifying pancreatitis	MP:0008212	absent mature B cells	HP:0005236MP:0008212
HP:0004729	Acute tubulointerstitial nephritis	MP:0011405	tubulointerstitial nephritis	HP:0004729MP:0011405
HP:0004866	Impaired ADP-induced platelet aggregation	MP:0009549	decreased platelet aggregation	HP:0004866MP:0009549
HP:0003448	Decreased sensory nerve conduction velocity	MP:0008814	decreased nerve conduction velocity	HP:0003448MP:0008814
HP:0040262	Glue ear	MP:0001411	spinning	HP:0040262MP:0001411
HP:0001406	Intrahepatic cholestasis	MP:0005415	intrahepatic cholestasis	HP:0001406MP:0005415
HP:0031822	Elevated hypoxanthine-guanine phosphoribosyltransferase level	MP:0012210	increased hypoxanthine-guanine phosphoribosyltransferase level	HP:0031822MP:0012210
HP:0000183	Difficulty in tongue movements	MP:0000762	abnormal tongue morphology	HP:0000183MP:0000762
HP:0001674	Complete atrioventricular canal defect	MP:0010413	complete atrioventricular septal defect	HP:0001674MP:0010413
HP:0025478	Atrial standstill	MP:0005294	abnormal heart ventricle morphology	HP:0025478MP:0005294
HP:0025042	Abnormality of mesenteric lymph nodes	MP:0005232	abnormal mesenteric lymph node morphology	HP:0025042MP:0005232
HP:0001747	Accessory spleen	MP:0003342	accessory spleen	HP:0001747MP:0003342
HP:0100951	Enlarged fossa interpeduncularis	MP:0020136	abnormal interventricular septum thickness	HP:0100951MP:0020136
HP:0011609	Type III truncus arteriosus	MP:0002633	persistent truncus arteriosis	HP:0011609MP:0002633
HP:0001913	Granulocytopenia	MP:0001601	abnormal myelopoiesis	HP:0001913MP:0001601
HP:0010070	Curved 1st metatarsal	MP:0004642	fused metatarsal bones	HP:0010070MP:0004642
HP:0033604	Glomerular capillary wire loop deposits	MP:0002231	abnormal primitive streak morphology	HP:0033604MP:0002231
HP:0001659	Aortic regurgitation	MP:0006047	aortic valve regurgitation	HP:0001659MP:0006047
HP:0100565	Hydromyelia	MP:0003086	hydromyelia	HP:0100565MP:0003086
HP:0007569	Generalized seborrheic dermatitis	MP:0009792	seborrheic dermatitis	HP:0007569MP:0009792
HP:0030252	Absent circulating B cells	MP:0008212	absent mature B cells	HP:0030252MP:0008212
HP:0200054	Foot monodactyly	MP:0003800	monodactyly	HP:0200054MP:0003800
HP:0031780	Eosinophilic ascites	MP:0008212	absent mature B cells	HP:0031780MP:0008212
HP:0000126	Hydronephrosis	MP:0000519	hydronephrosis	HP:0000126MP:0000519
HP:0005572	Decreased renal tubular phosphate excretion	MP:0002703	abnormal renal tubule morphology	HP:0005572MP:0002703
HP:0011036	Abnormality of renal excretion	MP:0002703	abnormal renal tubule morphology	HP:0011036MP:0002703
HP:0003159	Hyperoxaluria	MP:0011517	hyperoxaluria	HP:0003159MP:0011517
HP:0030243	Hepatic vein thrombosis	MP:0010439	abnormal hepatic vein morphology	HP:0030243MP:0010439
HP:0002791	Hypoventilation	MP:0002321	hypoventilation	HP:0002791MP:0002321
HP:0410005	Cleft hard palate	MP:0000111	cleft palate	HP:0410005MP:0000111
HP:0031015	Intrahepatic portal vein sclerosis	MP:0013843	hepatic portal vein stenosis	HP:0031015MP:0013843
HP:0012886	Hemorrhagic ovarian cyst	MP:0001126	abnormal ovary morphology	HP:0012886MP:0001126
HP:0008619	Bilateral sensorineural hearing impairment	MP:0006329	sensorineural hearing impairment	HP:0008619MP:0006329
HP:0000322	Short philtrum	MP:0030193	short philtrum	HP:0000322MP:0030193
HP:0006771	Duodenal adenocarcinoma	MP:0009869	abnormal descending aorta morphology	HP:0006771MP:0009869
HP:0009556	Absent tibia	MP:0002728	absent tibia	HP:0009556MP:0002728
HP:0012281	Chylous ascites	MP:0012080	chylous ascites	HP:0012281MP:0012080
HP:0004496	Posterior choanal atresia	MP:0008970	choanal atresia	HP:0004496MP:0008970
HP:0033138	Right atrial thrombus	MP:0003920	abnormal heart right ventricle morphology	HP:0033138MP:0003920
HP:0010516	Thymus hyperplasia	MP:0000708	thymus hyperplasia	HP:0010516MP:0000708
HP:0011565	Common atrium	MP:0010406	common atrium	HP:0011565MP:0010406
HP:0001973	Autoimmune thrombocytopenia	MP:0003179	thrombocytopenia	HP:0001973MP:0003179
HP:0009372	Type A2 brachydactyly	MP:0002110	abnormal digit morphology	HP:0009372MP:0002110
HP:0008507	Static ophthalmoparesis	MP:0003688	ophthalmoparesis	HP:0008507MP:0003688
HP:0001403	Macrovesicular hepatic steatosis	MP:0002628	hepatic steatosis	HP:0001403MP:0002628
HP:0003761	Calcinosis	MP:0003195	calcinosis	HP:0003761MP:0003195
HP:0004809	Neonatal alloimmune thrombocytopenia	MP:0000109	abnormal parietal bone morphology	HP:0004809MP:0000109
HP:0500069	Paralytic ectropion	MP:0008272	abnormal endochondral bone ossification	HP:0500069MP:0008272
HP:0000065	Labial hypertrophy	MP:0003512	enlarged labia	HP:0000065MP:0003512
HP:0005144	Ventricular septal hypertrophy	MP:0005294	abnormal heart ventricle morphology	HP:0005144MP:0005294
HP:0007110	Central hypoventilation	MP:0002321	hypoventilation	HP:0007110MP:0002321
HP:0001978	Extramedullary hematopoiesis	MP:0000240	extramedullary hematopoiesis	HP:0001978MP:0000240
HP:0033807	Absent keratohyalin granules	MP:0009605	decreased keratohyalin granule number	HP:0033807MP:0009605
HP:0004699	Osteoporotic metatarsal	MP:0004642	fused metatarsal bones	HP:0004699MP:0004642
HP:0030715	Bronchial atresia	MP:0003272	duodenal atresia	HP:0030715MP:0003272
HP:0040291	Skeletal muscle steatosis	MP:0010240	decreased skeletal muscle size	HP:0040291MP:0010240
HP:0031255	Hypothalamic arteriovenous malformation	MP:0006093	arteriovenous malformation	HP:0031255MP:0006093
HP:0001783	Broad metatarsal	MP:0004642	fused metatarsal bones	HP:0001783MP:0004642
HP:0031824	Hepatic mastocytosis	MP:0008871	abnormal ovarian follicle number	HP:0031824MP:0008871
HP:0430007	Symblepharon	MP:0013393	symblepharon	HP:0430007MP:0013393
HP:0012334	Extrahepatic cholestasis	MP:0005414	extrahepatic cholestasis	HP:0012334MP:0005414
HP:0002897	Parathyroid adenoma	MP:0000678	abnormal parathyroid gland morphology	HP:0002897MP:0000678
HP:0003337	Reduced prothrombin consumption	MP:0012354	abnormal prothrombin time	HP:0003337MP:0012354
HP:0030951	Skeletal muscle fibrosis	MP:0009419	skeletal muscle fibrosis	HP:0030951MP:0009419
HP:0011577	Partial atrioventricular canal defect	MP:0010413	complete atrioventricular septal defect	HP:0011577MP:0010413
HP:0002190	Choroid plexus cyst	MP:0005098	abnormal optic choroid morphology	HP:0002190MP:0005098
HP:0011838	Sclerodactyly	MP:0002110	abnormal digit morphology	HP:0011838MP:0002110
HP:0011763	Pituitary carcinoma	MP:0000636	enlarged pituitary gland	HP:0011763MP:0000636
HP:0100309	Subdural hemorrhage	MP:0031117	subdural hemorrhage	HP:0100309MP:0031117
HP:0008338	Partial functional complement factor D deficiency	MP:0002471	abnormal complement pathway	HP:0008338MP:0002471
HP:0008079	Absent fifth metatarsal	MP:0004642	fused metatarsal bones	HP:0008079MP:0004642
HP:0011381	Aplasia of the semicircular canal			
HP:0025178	Subpleural interstitial thickening	MP:0001176	abnormal lung development	HP:0025178MP:0001176
HP:0002179	Opisthotonus	MP:0002880	opisthotonus	HP:0002179MP:0002880
HP:0040287	Axial muscle atrophy	MP:0000750	abnormal muscle regeneration	HP:0040287MP:0000750
HP:0200012	Short corpus callosum	MP:0020573	abnormal corpus callosum size	HP:0200012MP:0020573
HP:0012754	CNS hypermyelination	MP:0010050	hypermyelination	HP:0012754MP:0010050
HP:0007074	Thick corpus callosum	MP:0020572	abnormal corpus callosum cell number	HP:0007074MP:0020572
HP:0100724	Hypercoagulability	MP:0031214	hypercoagulability	HP:0100724MP:0031214
HP:0031044	Type A5 brachydactyly	MP:0002110	abnormal digit morphology	HP:0031044MP:0002110
HP:0033646	Absent hippocampal commissure	MP:0008223	absent hippocampal commissure	HP:0033646MP:0008223
HP:0005571	Increased renal tubular phosphate reabsorption	MP:0010107	abnormal renal reabsorption	HP:0005571MP:0010107
HP:0031345	Colonic arteriovenous malformation	MP:0006093	arteriovenous malformation	HP:0031345MP:0006093
HP:0030756	Erythrodontia	MP:0030058	erythrodontia	HP:0030756MP:0030058
HP:0100746	Macrodactyly of finger	MP:0002110	abnormal digit morphology	HP:0100746MP:0002110
HP:0001238	Slender finger	MP:0002110	abnormal digit morphology	HP:0001238MP:0002110
HP:0025066	Decreased mean corpuscular volume	MP:0000226	abnormal mean corpuscular volume	HP:0025066MP:0000226
HP:0011372	Aplasia of the inner ear	MP:0006285	absent inner ear	HP:0011372MP:0006285
HP:0030320	Increased intervertebral space	MP:0004682	small intervertebral disk	HP:0030320MP:0004682
HP:0011984	Atretic gallbladder	MP:0003250	absent gallbladder	HP:0011984MP:0003250
HP:0031342	Duodenal arteriovenous malformation	MP:0010531	gastrointestinal arteriovenous malformation	HP:0031342MP:0010531
HP:0031677	Polymorphic ventricular tachycardia	MP:0005294	abnormal heart ventricle morphology	HP:0031677MP:0005294
HP:0040246	Reduced antithrombin antigen	MP:0012324	abnormal circulating antithrombin level	HP:0040246MP:0012324
HP:0020006	Ciliary body coloboma	MP:0010719	ciliary body coloboma	HP:0020006MP:0010719
HP:0100522	Thymoma	MP:0014127	increased thymoma incidence	HP:0100522MP:0014127
HP:0100334	Unilateral cleft palate	MP:0013545	cleft hard palate	HP:0100334MP:0013545
HP:0012548	Fatty replacement of skeletal muscle	MP:0010237	abnormal skeletal muscle weight	HP:0012548MP:0010237
HP:0004058	Hand monodactyly	MP:0002110	abnormal digit morphology	HP:0004058MP:0002110
HP:0001196	Short umbilical cord	MP:0012304	short umbilical cord	HP:0001196MP:0012304
HP:0011887	Choroid hemorrhage	MP:0005098	abnormal optic choroid morphology	HP:0011887MP:0005098
HP:0030851	Low pulse pressure	MP:0003882	abnormal pulse pressure	HP:0030851MP:0003882
HP:0033658	Rounded atelectasis	MP:0001177	atelectasis	HP:0033658MP:0001177
HP:0001896	Reticulocytopenia	MP:0002640	reticulocytosis	HP:0001896MP:0002640
HP:0033025	Chronic absent circulating total IgG	MP:0008212	absent mature B cells	HP:0033025MP:0008212
HP:0012873	Absent vas deferens	MP:0003557	absent vas deferens	HP:0012873MP:0003557
HP:0005218	Anoperineal fistula	MP:0003317	anoperineal fistula	HP:0005218MP:0003317
HP:0012047	Hemeralopia	MP:0008145	hemeralopia	HP:0012047MP:0008145
HP:0011500	Polycoria	MP:0006235	polycoria	HP:0011500MP:0006235
HP:0032220	Interface hepatitis	MP:0011206	absent visceral yolk sac	HP:0032220MP:0011206
HP:0030242	Portal vein thrombosis	MP:0013843	hepatic portal vein stenosis	HP:0030242MP:0013843
HP:0010923	Anterior subcapsular cataract	MP:0010252	anterior subcapsular cataract	HP:0010923MP:0010252
HP:0007489	Diffuse telangiectasia	MP:0004175	telangiectases	HP:0007489MP:0004175
HP:0000883	Thin ribs	MP:0004674	thin ribs	HP:0000883MP:0004674
HP:0030390	Reduced circulating leukotriene C4 concentration	MP:0009813	abnormal leukotriene level	HP:0030390MP:0009813
HP:0000253	Progressive microcephaly	MP:0000433	microcephaly	HP:0000253MP:0000433
HP:0006591	Absent glenoid fossa	MP:0008212	absent mature B cells	HP:0006591MP:0008212
HP:0011383	Enlarged semicircular canal			
HP:0040106	Morphological abnormality of the lateral semicircular canal	MP:0000037	abnormal lateral semicircular canal morphology	HP:0040106MP:0000037
HP:0031364	Ecchymosis	MP:0009276	ecchymosis	HP:0031364MP:0009276
HP:0033535	Reduced platelet dense granules	MP:0004722	abnormal platelet dense granule number	HP:0033535MP:0004722
HP:0000311	Round face	MP:0030072	round face	HP:0000311MP:0030072
HP:0030779	Ethmocephaly	MP:0014061	ethmocephaly	HP:0030779MP:0014061
HP:0002588	Duodenal ulcer	MP:0003273	duodenal ulcer	HP:0002588MP:0003273
HP:0012214	Increased glomerular filtration rate	MP:0005558	decreased creatinine clearance	HP:0012214MP:0005558
HP:0007179	Absent smooth pursuit	MP:0008212	absent mature B cells	HP:0007179MP:0008212
HP:0030770	Craniorachischisis	MP:0008784	craniorachischisis	HP:0030770MP:0008784
HP:0032569	Temporal bossing	MP:0030263	cranial bossing	HP:0032569MP:0030263
HP:0011800	Midface retrusion	MP:0009855	midface retrusion	HP:0011800MP:0009855
HP:0033264	Enlarged platelet dense granules	MP:0009446	abnormal platelet dense granule physiology	HP:0033264MP:0009446
HP:0000537	Epicanthus inversus	MP:0006168	epicanthus inversus	HP:0000537MP:0006168
HP:0011567	Sinus venosus atrial septal defect	MP:0010408	sinus venosus atrial septal defect	HP:0011567MP:0010408
HP:0012312	Monocytopenia	MP:0001601	abnormal myelopoiesis	HP:0012312MP:0001601
HP:0040297	Preauricular cyst	MP:0030096	abnormal periauricular region morphology	HP:0040297MP:0030096
HP:0004401	Meconium ileus	MP:0014036	meconium ileus	HP:0004401MP:0014036
